nama,profile_url,departemen,sinta_id,hindex_scopus,hindex_gs,sinta_score_3yr,sinta_score,affil_score_3yr,affil_score,subject_research,article_scopus,article_gscholar,citation_scopus,citation_gscholar,cited_document_scopus,cited_document_gscholar,h-index_scopus,h-index_gscholar,i10-index_scopus,i10-index_gscholar,g-index_scopus,g-index_gscholar,mount_Q1,mount_Q2,mount_Q3,mount_Q4,mount_No-Q
EDDY SURYANTO SOEGOTO,https://sinta.kemdiktisaintek.go.id/authors/profile/257962,Ilmu Manajemen (S3),257962,12,21,824,4.109,824,4.109,business management & Entrepreneurship,133,189,597,2100,92,80,12,21,15,39,1,21,4,11,85,25,9
SENNY LUCKYARDI,https://sinta.kemdiktisaintek.go.id/authors/profile/6754370,Manajemen Pemasaran (D3),6754370,11,19,764,1.763,764,1.763,Agriculture; Management and Social Science,61,105,433,967,47,71,11,19,11,25,4,1,8,8,29,6,10
IRAWAN AFRIANTO,https://sinta.kemdiktisaintek.go.id/authors/profile/5985954,Teknik Informatika (S1),5985954,9,25,620,2.362,620,2.362,Multimedia; Information Security; Mobile and Web Apps; Blockchain,30,389,189,2051,24,142,9,25,8,50,2,1,0,6,9,8,7
UMI NARIMAWATI,https://sinta.kemdiktisaintek.go.id/authors/profile/5999039,Ilmu Manajemen (S3),5999039,2,22,605,2.601,605,2.601,Management; Human Resource; Bussiness; Entrepreneurship,23,242,74,4667,12,121,2,22,2,30,2,1,1,5,6,8,5
ZAINAL ARIFIN HASIBUAN,https://sinta.kemdiktisaintek.go.id/authors/profile/6655639,Sistem Informasi (S2),6655639,12,24,571,3.521,571,3.521,Information Retrieval System; Artificial Intelligence; Data Science; Information System,124,278,621,3598,101,211,12,24,18,63,1,3,9,12,12,13,79
WAHYUNI,https://sinta.kemdiktisaintek.go.id/authors/profile/258622,Sistem Informasi (S1),258622,2,4,570,2.964,570,2.964,Sistem Informasi,6,19,7,68,3,7,2,4,0,3,2,1,0,0,3,3,0
LIA WARLINA,https://sinta.kemdiktisaintek.go.id/authors/profile/257844,Teknik Perencanaan Wilayah Dan Kota (S1),257844,6,12,481,1.688,481,1.688,Regional Science,41,105,106,594,22,59,6,12,4,20,1,1,2,5,17,11,7
PONI SUKAESIH KURNIATI,https://sinta.kemdiktisaintek.go.id/authors/profile/258932,Ilmu Pemerintahan (S1),258932,3,14,428,1.048,428,1.048,Public Policy; Public Administration; Public Service,18,96,55,662,12,54,3,14,2,20,3,1,0,4,12,2,0
BOBI KURNIAWAN SOEGOTO,https://sinta.kemdiktisaintek.go.id/authors/profile/257836,Teknik Elektro (S1),257836,5,11,406,1.354,406,1.354,Telekomunikasi; Rekayasa Perangkat Lunak; Sistem Informasi,37,92,82,574,20,57,5,11,3,13,1,1,2,1,21,9,4
SRI DEWI ANGGADINI,https://sinta.kemdiktisaintek.go.id/authors/profile/258595,Akuntansi (S1),258595,6,21,393,1.845,393,1.845,doktor akuntansi,12,181,64,2458,10,107,6,21,2,39,1,1,0,4,3,4,1
LILIS PUSPITAWATI,https://sinta.kemdiktisaintek.go.id/authors/profile/258587,Akuntansi (S1),258587,4,18,384,1.247,384,1.247,Accounting Information System,12,124,41,962,7,88,4,18,1,31,1,2,0,3,3,3,3
ANNISA PARAMITHA F.,https://sinta.kemdiktisaintek.go.id/authors/profile/258682,Sistem Informasi (S1),258682,2,8,370,928.0,370,928.0,Unknown,9,33,24,204,6,20,2,8,1,7,2,1,0,0,3,4,2
SUPRIYATI,https://sinta.kemdiktisaintek.go.id/authors/profile/258641,Komputerisasi Akuntansi (D3),258641,3,11,344,846.0,344,846.0,Akuntansi; Manajemen; Keuangan Bisnis; Komputerisasi Akuntansi; Sistem Informasi,11,137,13,357,5,48,3,11,0,12,1,2,0,1,4,6,0
AGIS ABHI RAFDHI,https://sinta.kemdiktisaintek.go.id/authors/profile/6803098,Unknown,6803098,5,9,341,522.0,341,522.0,Information System; Web Development,18,31,173,368,15,24,5,9,2,8,2,1,2,3,11,1,1
JANA UTAMA,https://sinta.kemdiktisaintek.go.id/authors/profile/6003866,Teknik Elektro (S1),6003866,4,9,336,772.0,336,772.0,Kendali dan Pengolahan Sinyal Digital,17,58,41,227,9,37,4,9,2,7,1,1,2,3,5,5,2
MUHAMMAD ARIA RAJASA,https://sinta.kemdiktisaintek.go.id/authors/profile/258935,Teknik Elektro (S1),258935,6,12,333,1.11,333,1.11,Control Systems; Robotics; Artificial Intelligence,24,159,135,440,18,54,6,12,3,15,7,1,2,4,10,7,1
SRI SUPATMI,https://sinta.kemdiktisaintek.go.id/authors/profile/6005094,Sistem Informasi (S2),6005094,6,10,332,1.178,332,1.178,Artificial Intelligence; Computer Science & Information System,29,51,108,377,18,35,6,10,4,12,3,1,2,8,7,4,8
WAHYUDI,https://sinta.kemdiktisaintek.go.id/authors/profile/6665452,Ilmu Hukum (S1),6665452,0,5,326,676.0,326,676.0,Hukum Islam; Hukum Kesehatan; Hukum Acara Perdata/Hukum Penyelesaian Sengketa,0,79,0,74,0,25,0,5,0,2,0,1,0,0,0,0,0
ANDRI SAHATA SITANGGANG,https://sinta.kemdiktisaintek.go.id/authors/profile/258716,Sistem Informasi (S1),258716,5,13,304,1.353,304,1.353,Pemrograman Web; Pemrograman Web Lanjut; E- Commerce; Komputer dan Masyarakat,17,167,56,709,13,85,5,13,0,21,1,1,0,0,5,8,4
SUFA ATIN,https://sinta.kemdiktisaintek.go.id/authors/profile/258768,Teknik Informatika (S1),258768,5,14,301,1.35,301,1.35,Information System; Software Management Project; Operations Research,22,106,92,703,18,48,5,14,2,19,3,1,0,3,8,6,5
TARYANA SURYANA,https://sinta.kemdiktisaintek.go.id/authors/profile/258260,Ilmu Komunikasi (S1),258260,1,14,292,1.583,292,1.583,IOT; Data Mining; Programming; IT Forensics; Electronics,2,839,5,1342,1,83,1,14,0,20,1,1,0,0,1,3,0
DIANA EFFENDI,https://sinta.kemdiktisaintek.go.id/authors/profile/258596,Manajemen Informatika (D3),258596,3,9,288,811.0,288,811.0,Sistem Informasi; Multimedia,13,46,17,235,8,32,3,9,0,8,1,5,0,0,6,4,3
RIO YUNANTO,https://sinta.kemdiktisaintek.go.id/authors/profile/258648,Komputerisasi Akuntansi (D3),258648,3,7,268,705.0,268,705.0,Teknologi Informasi,12,62,15,524,8,32,3,7,0,6,1,1,0,0,8,1,3
YEFFRY HANDOKO PUTRA,https://sinta.kemdiktisaintek.go.id/authors/profile/259067,Sistem Informasi (S2),259067,4,10,260,1.12,260,1.12,Data Science; IT Framework; Architecture Enterprises; Audit Information.,34,206,74,529,17,87,4,10,1,11,1,1,0,2,14,6,12
ELY SUHAYATI,https://sinta.kemdiktisaintek.go.id/authors/profile/258554,Akuntansi (S1),258554,1,11,254,883.0,254,883.0,Accounting,0,48,0,1562,0,38,1,11,1,14,2,2,0,2,4,1,1
TATIK ROHMAWATI,https://sinta.kemdiktisaintek.go.id/authors/profile/258739,Ilmu Pemerintahan (S1),258739,1,8,253,700.0,253,700.0,Government Science,4,215,2,227,2,36,1,8,0,6,1,2,0,0,2,2,0
DINA OKTAFIANI,https://sinta.kemdiktisaintek.go.id/authors/profile/6803105,Unknown,6803105,2,2,238,488.0,238,488.0,Linguistics,15,24,9,27,6,12,2,2,1,0,1,1,2,1,13,4,0
RANI PUSPITA DHANIAWATY,https://sinta.kemdiktisaintek.go.id/authors/profile/258697,Sistem Informasi (S1),258697,2,9,230,783.0,230,783.0,Sistem Informasi; Animasi; Multimedia,9,36,9,303,4,30,2,9,0,9,1,2,0,1,4,1,3
HENNY,https://sinta.kemdiktisaintek.go.id/authors/profile/5999373,Teknik Industri (S1),5999373,4,8,229,692.0,229,692.0,Human Factor Ergonomic,17,67,46,214,9,25,4,8,2,8,4,1,1,2,5,7,2
HANHAN MAULANA,https://sinta.kemdiktisaintek.go.id/authors/profile/6003865,Teknik Informatika (S1),6003865,4,12,220,698.0,220,698.0,Technologi Informasi,0,63,0,425,0,41,4,12,1,12,1,1,0,3,9,1,6
SRI NURHAYATI,https://sinta.kemdiktisaintek.go.id/authors/profile/258871,Sistem Komputer (S1),258871,3,10,217,797.0,217,797.0,Informatika; Sistem Informasi,14,60,17,380,8,46,3,10,0,12,2,3,0,1,8,3,2
DEWI KURNIASIH,https://sinta.kemdiktisaintek.go.id/authors/profile/259139,Ilmu Pemerintahan (S1),259139,2,12,216,986.0,216,986.0,Sociology; Comparative of Government; Leadership Government; Sociology Government; e-Government,9,186,11,775,4,71,2,12,0,20,1,1,3,1,2,3,0
WATI ARIS ASTUTI,https://sinta.kemdiktisaintek.go.id/authors/profile/258586,Akuntansi (S1),258586,1,9,216,764.0,216,764.0,Akuntansi Keuangan,4,94,2,320,2,40,1,9,0,9,2,2,0,3,1,0,0
EKO BUDI SETIAWAN,https://sinta.kemdiktisaintek.go.id/authors/profile/6003867,Teknik Informatika (S1),6003867,3,21,215,1.489,215,1.489,Teknologi Informasi; Jaringan Komputer; Cybersecurity,16,138,49,1692,12,87,3,21,2,38,1,1,0,1,6,5,4
AGUS NURSIKUWAGUS,https://sinta.kemdiktisaintek.go.id/authors/profile/258601,Manajemen Informatika (D3),258601,3,9,212,974.0,212,974.0,NLP; Computer Vision; Fuzzy System; Data Mining; Neural Network,23,67,36,511,12,34,3,9,1,9,1,1,1,3,9,6,4
OLIH SOLIHIN,https://sinta.kemdiktisaintek.go.id/authors/profile/6005128,Ilmu Komunikasi (S1),6005128,1,11,210,769.0,210,769.0,Political Comm; Health Comm; Mass Media,2,141,1,510,1,59,1,11,0,17,2,1,0,1,0,1,0
RAHMA WAHDINIWATY,https://sinta.kemdiktisaintek.go.id/authors/profile/5987192,Manajemen (S2),5987192,2,15,209,905.0,209,905.0,Management; Marketing; UMKM; Tourism or Destination; Industri Kreatif,16,135,17,752,8,80,2,15,0,22,1,1,0,1,4,5,6
AYUB SUBANDI,https://sinta.kemdiktisaintek.go.id/authors/profile/258875,Teknik Elektro (S1),258875,3,5,209,375.0,209,375.0,MEMS; Microelectronic; Nanoelectronic; Sensor; Actuator,7,19,105,161,4,11,3,5,1,3,1,1,3,1,1,1,1
SAHAT MARULI TUA SITUMEANG,https://sinta.kemdiktisaintek.go.id/authors/profile/259618,Ilmu Hukum (S1),259618,1,14,207,822.0,207,822.0,Public Law; Cyber Law; Criminal Law; Criminology; Law and Ethics,2,78,2,714,2,41,1,14,0,17,2,1,0,0,0,1,1
HERMAN SURDIATNO SOEGOTO,https://sinta.kemdiktisaintek.go.id/authors/profile/5979611,Ilmu Manajemen (S3),5979611,5,10,202,553.0,202,553.0,Marketing; Managerial Economic; Project Construction,10,57,164,510,7,37,5,10,2,10,0,1,3,1,4,1,1
Y. DJOKO SETIYARTO,https://sinta.kemdiktisaintek.go.id/authors/profile/6666078,Teknik Sipil (S1),6666078,1,6,201,461.0,201,461.0,Structure; Bridge; Materials Technology,4,32,2,101,2,19,1,6,0,3,1,2,0,0,3,1,0
SYAHRUL MAULUDDIN,https://sinta.kemdiktisaintek.go.id/authors/profile/258616,Manajemen Informatika (D3),258616,4,9,199,1.237,199,1.237,Information System; Programming; Knowledge Management System,21,71,28,285,13,31,4,9,0,7,1,1,1,3,7,9,2
DEDI SULISTYO SOEGOTO,https://sinta.kemdiktisaintek.go.id/authors/profile/258195,Manajemen (S2),258195,4,11,196,802.0,196,802.0,Manajemen dan Bisnis,23,78,93,379,17,49,4,11,3,13,1,1,1,0,13,8,1
SONI MULYAWAN SETIANA,https://sinta.kemdiktisaintek.go.id/authors/profile/258299,Sastra Jepang (S1),258299,2,9,193,786.0,193,786.0,Japanese Language Education; Curriculum Development,12,102,15,303,6,47,2,9,0,8,1,2,0,2,2,8,0
IRFAN MALIKI,https://sinta.kemdiktisaintek.go.id/authors/profile/258853,Teknik Informatika (S1),258853,3,5,191,733.0,191,733.0,Image Processing; Computer Vision; Machine Learning; Information System,8,66,29,206,6,19,3,5,1,4,1,1,0,0,3,2,3
DEDEN A WAHAB,https://sinta.kemdiktisaintek.go.id/authors/profile/259249,Manajemen (S2),259249,2,9,189,864.0,189,864.0,Manajemen UKM; Sistem Informasi,10,81,11,385,5,45,2,9,0,9,1,1,0,0,7,1,2
ANGGA SETIYADI,https://sinta.kemdiktisaintek.go.id/authors/profile/258737,Teknik Informatika (S1),258737,3,14,189,957.0,189,957.0,Information & communication technology,18,54,54,573,13,40,3,14,2,21,1,1,1,1,8,6,3
YULLY AMBARSIH EKAWARDHANI,https://sinta.kemdiktisaintek.go.id/authors/profile/258688,Desain (S2),258688,1,3,185,735.0,185,735.0,Budaya; Desain Karakter; Ilustrasi; Menggambar,7,78,4,95,2,26,1,3,0,3,1,1,0,1,1,4,1
MYRNA DWI RAHMATYA,https://sinta.kemdiktisaintek.go.id/authors/profile/258673,Manajemen Informatika (D3),258673,3,9,180,722.0,180,722.0,Information System; Risk Management; Attendance System,13,57,21,316,8,30,3,9,0,7,1,1,0,0,8,4,1
ISNIAR BUDIARTI,https://sinta.kemdiktisaintek.go.id/authors/profile/5977885,Ilmu Manajemen (S3),5977885,1,14,172,843.0,172,843.0,Manajemen; SDM; Perpajakan; Akuntansi; Teknologi,3,69,13,972,1,46,1,14,1,16,1,3,0,1,0,0,2
HETTY HASSANAH,https://sinta.kemdiktisaintek.go.id/authors/profile/6002971,Ilmu Hukum (S1),6002971,1,7,168,416.0,168,416.0,Privat Law; Cyberlaw,2,125,3,195,2,28,1,7,0,6,2,1,0,1,0,1,0
MUHAMMAD RAYHAN BUSTAM,https://sinta.kemdiktisaintek.go.id/authors/profile/6066614,Sastra Inggris (S1),6066614,1,12,166,500.0,166,500.0,Linguistik,2,117,4,434,1,35,1,12,0,15,1,2,0,1,0,1,0
LEONARDI PARIS HASUGIAN,https://sinta.kemdiktisaintek.go.id/authors/profile/258695,Sistem Informasi (S1),258695,4,8,165,914.0,165,914.0,Information Systems; Digital Learning,10,57,18,222,5,42,4,8,0,6,1,1,0,0,4,6,1
ADEH RATNA KOMALA,https://sinta.kemdiktisaintek.go.id/authors/profile/258605,Akuntansi (D3),258605,2,8,164,662.0,164,662.0,Unknown,4,40,11,250,4,23,2,8,0,5,4,1,0,3,0,1,0
MOCHAMAD FAJAR WICAKSONO,https://sinta.kemdiktisaintek.go.id/authors/profile/258729,Teknik Komputer (D3),258729,2,12,163,982.0,163,982.0,Computer engineering,15,90,16,932,9,52,2,12,0,15,1,1,0,0,10,5,0
IMELDA,https://sinta.kemdiktisaintek.go.id/authors/profile/5996634,Manajemen Informatika (D3),5996634,3,5,162,567.0,162,567.0,business intelligent; data mining; knowledge management; smart city,13,18,16,49,9,9,3,5,0,1,1,2,0,0,3,6,5
ANDRIAS DARMAYADI,https://sinta.kemdiktisaintek.go.id/authors/profile/6034983,Ilmu Hubungan Internasional (S1),6034983,2,3,161,539.0,161,539.0,International Relations; Politics,4,22,6,25,2,6,2,3,0,1,3,1,0,0,3,1,0
ADI RACHMANTO,https://sinta.kemdiktisaintek.go.id/authors/profile/258583,Akuntansi (D3),258583,1,6,159,445.0,159,445.0,Sistem Informasi; Sistem Informasi Manajemen; Sistem Informasi Akuntansi,5,27,2,107,2,17,1,6,0,3,1,1,0,1,2,1,1
ALAM SANTOSA,https://sinta.kemdiktisaintek.go.id/authors/profile/6004118,Teknik Industri (S1),6004118,2,6,158,449.0,158,449.0,Industrial Engineering,13,26,5,160,3,12,2,6,0,4,1,1,0,0,2,8,3
SOPIAN ALVIANA,https://sinta.kemdiktisaintek.go.id/authors/profile/6675491,Teknik Informatika (S1),6675491,3,6,153,659.0,153,659.0,Computer Science; Information System; Networking; Control; Microcontroller,13,38,15,96,6,22,3,6,0,3,1,1,0,1,6,5,1
SELFA SEPTIANI AULIA,https://sinta.kemdiktisaintek.go.id/authors/profile/6668527,Teknik Perencanaan Wilayah Dan Kota (S1),6668527,1,4,149,314.0,149,314.0,Endogenous Development; Regional and Rural Development Planning; Special Economic Zone Planning,7,28,2,80,2,17,1,4,0,4,1,1,0,1,2,3,1
MUHAMMAD IFFAN,https://sinta.kemdiktisaintek.go.id/authors/profile/258567,Manajemen Pemasaran (D3),258567,2,8,147,905.0,147,905.0,Manajemen,4,50,6,212,3,29,2,8,0,6,3,1,0,3,1,0,0
RAENI DWI SANTY,https://sinta.kemdiktisaintek.go.id/authors/profile/258564,Manajemen (S2),258564,1,7,146,972.0,146,972.0,Manajemen,6,49,2,141,1,24,1,7,0,6,2,1,0,1,1,2,2
I MADE ARYANTHA A,https://sinta.kemdiktisaintek.go.id/authors/profile/6003816,Teknik Industri (S1),6003816,1,6,146,335.0,146,335.0,Unknown,10,28,7,88,4,14,1,6,0,3,3,1,1,0,2,5,2
BELLA HARDIYANA,https://sinta.kemdiktisaintek.go.id/authors/profile/6724790,Sistem Informasi (S1),6724790,2,10,144,531.0,144,531.0,Sistem Informasi,9,46,7,326,4,31,2,10,0,10,1,1,0,1,3,3,2
DIAN DHARMAYANTI,https://sinta.kemdiktisaintek.go.id/authors/profile/258821,Teknik Informatika (S1),258821,3,7,143,797.0,143,797.0,Data Mining; Big Data,16,29,31,112,9,13,3,7,1,4,1,1,0,2,9,1,4
RANGGA SIDIK,https://sinta.kemdiktisaintek.go.id/authors/profile/258690,Sistem Informasi (S1),258690,2,8,143,914.0,143,914.0,Knowledge Management; Information System; Collaboration; Software Design,14,45,14,202,7,30,2,8,0,6,1,1,0,0,6,7,2
MIA FITRIAWATI,https://sinta.kemdiktisaintek.go.id/authors/profile/258666,Sistem Informasi (S1),258666,2,10,142,507.0,142,507.0,Sistem Informasi,8,27,8,242,5,19,2,10,0,10,1,1,0,1,4,1,2
NOVRINI HASTI,https://sinta.kemdiktisaintek.go.id/authors/profile/258668,Sistem Informasi (S1),258668,4,10,141,773.0,141,773.0,Manajemen Sains,14,64,35,555,10,41,4,10,1,10,1,1,0,0,5,6,3
DONY WALUYA FIRDAUS,https://sinta.kemdiktisaintek.go.id/authors/profile/258631,Komputerisasi Akuntansi (D3),258631,3,9,141,551.0,141,551.0,Sistem Informasi Akuntansi,7,43,33,436,5,26,3,9,1,8,1,1,0,2,3,2,0
AGUS RIYANTO,https://sinta.kemdiktisaintek.go.id/authors/profile/259128,Manajemen (S1),259128,5,9,140,747.0,140,747.0,Manajemen Strategis; Ekonomi Manajerial; Sistem Pendukung Keputusan,18,46,48,195,10,25,5,9,1,6,1,1,1,2,9,3,3
EDI FIRDAUS,https://sinta.kemdiktisaintek.go.id/authors/profile/6666525,Manajemen (S1),6666525,0,0,140,177.0,140,177.0,Sistem Informasi,2,0,0,0,0,0,0,0,0,0,1,1,0,1,1,0,0
"BUDI HERDIANA, ST,MT",https://sinta.kemdiktisaintek.go.id/authors/profile/5973299,Unknown,5973299,3,6,139,515.0,139,515.0,Bandung; West Java; Indonesia,10,44,14,142,5,32,3,6,0,4,1,2,2,1,6,1,0
LUSI MELIAN,https://sinta.kemdiktisaintek.go.id/authors/profile/258694,Sistem Informasi (S1),258694,3,5,139,534.0,139,534.0,Mathematic,12,51,16,86,7,21,3,5,0,4,2,1,0,1,4,3,4
RICHI DWI AGUSTIA,https://sinta.kemdiktisaintek.go.id/authors/profile/258671,Teknik Informatika (S1),258671,1,7,138,593.0,138,593.0,Unknown,8,27,6,143,4,17,1,7,0,4,1,1,0,0,2,3,3
KANIA EVITA DEWI,https://sinta.kemdiktisaintek.go.id/authors/profile/258639,Teknik Informatika (S1),258639,2,8,136,665.0,136,665.0,text mining; modelling; computer science,10,57,12,301,5,38,2,8,0,6,1,1,0,0,3,5,3
RETNO PURWANI SARI,https://sinta.kemdiktisaintek.go.id/authors/profile/258190,Sastra Inggris (S1),258190,0,6,136,382.0,136,382.0,Linguistics,1,61,0,164,0,33,0,6,0,5,1,2,0,0,1,0,0
NIA KARNIAWATI,https://sinta.kemdiktisaintek.go.id/authors/profile/259065,Ilmu Pemerintahan (S1),259065,0,8,135,380.0,135,380.0,social; politic and government,1,58,0,183,0,32,0,8,0,7,1,1,0,0,1,0,0
ADAM MUKHARIL BACHTIAR,https://sinta.kemdiktisaintek.go.id/authors/profile/258851,Teknik Informatika (S1),258851,3,13,133,930.0,133,930.0,Software Engineering; Data Science; Knowledge Science,20,55,33,2527,12,37,3,13,1,14,2,1,1,2,11,2,5
MOHAMMAD ALI,https://sinta.kemdiktisaintek.go.id/authors/profile/6761166,Sastra Jepang (S1),6761166,0,4,130,397.0,130,397.0,Japanese Comics; Translation; Japanese Linguistic; Ateji; Onomatopoeia,1,56,0,64,0,21,0,4,0,1,1,2,0,0,0,1,0
DEWI TRIWAHYUNI,https://sinta.kemdiktisaintek.go.id/authors/profile/6004750,Ilmu Hubungan Internasional (S1),6004750,1,5,129,605.0,129,605.0,International Relations; U.S Foreign Policy; Cyber security,1,136,8,124,1,23,1,5,0,4,0,1,0,0,1,0,0
MANAP SOLIHAT,https://sinta.kemdiktisaintek.go.id/authors/profile/259309,Unknown,259309,0,7,129,951.0,129,951.0,Ilmu Komunikasi,1,17,0,246,0,10,0,7,0,7,1,1,0,0,0,1,0
R FENNY SYAFARIANI,https://sinta.kemdiktisaintek.go.id/authors/profile/258626,Ilmu Komunikasi (S1),258626,2,7,127,515.0,127,515.0,Information System; Statistics,6,69,16,246,3,33,2,7,0,6,5,1,0,0,3,1,2
NIZAR RABBI RADLIYA,https://sinta.kemdiktisaintek.go.id/authors/profile/258724,Sistem Informasi (S1),258724,2,7,126,643.0,126,643.0,Information System,12,38,12,263,3,20,2,7,0,6,1,1,0,0,3,4,5
TATAN TAWAMI,https://sinta.kemdiktisaintek.go.id/authors/profile/258188,Sastra Inggris (S1),258188,2,7,125,518.0,125,518.0,Bahasa; Budaya; Terjemahan,13,76,17,217,4,42,2,7,1,6,1,1,1,1,8,2,1
WINDI NOVIANTI,https://sinta.kemdiktisaintek.go.id/authors/profile/258557,Manajemen (S1),258557,2,6,120,1.057,120,1.057,Manajemen; Bisnis; Keuangan; SDM; Sumber Daya Manusia,5,79,9,190,3,27,2,6,0,3,1,1,0,1,3,1,0
SURTIKANTI,https://sinta.kemdiktisaintek.go.id/authors/profile/5977822,Akuntansi (S1),5977822,0,5,120,548.0,120,548.0,akuntansi keuangan; pasar modal dan audit; akuntansi biaya,2,42,0,95,0,16,0,5,0,3,1,1,0,0,2,0,0
MUHAMMAD RAJAB FACHRIZAL,https://sinta.kemdiktisaintek.go.id/authors/profile/258727,Sistem Informasi (S1),258727,3,9,116,585.0,116,585.0,Information System,10,29,19,241,5,16,3,9,0,8,1,1,0,0,5,4,3
JULIAN ROBECCA,https://sinta.kemdiktisaintek.go.id/authors/profile/6003814,Teknik Industri (S1),6003814,1,6,115,370.0,115,370.0,industrial engineering,12,36,5,99,4,17,1,6,0,4,1,1,0,0,2,7,3
JULIAN CHANDRA WIBAWA,https://sinta.kemdiktisaintek.go.id/authors/profile/258661,Sistem Informasi (S1),258661,2,11,114,739.0,114,739.0,Sistem Informasi,12,41,19,413,5,27,2,11,1,12,1,1,0,0,4,5,3
GABRIEL SIANTURI,https://sinta.kemdiktisaintek.go.id/authors/profile/6003989,Teknik Industri (S1),6003989,2,5,113,567.0,113,567.0,manufacturing process; engineering materials; product design,8,99,8,67,3,15,2,5,0,2,1,1,0,0,3,2,3
DHINI DEWIYANTI,https://sinta.kemdiktisaintek.go.id/authors/profile/5998751,Teknik Arsitektur (S1),5998751,2,9,112,483.0,112,483.0,Spatial Behavior; Children Architecture; Phenomenology in Architecture; Mosques,6,84,6,316,3,36,2,9,0,7,1,1,0,2,2,2,0
WENDI ZARMAN,https://sinta.kemdiktisaintek.go.id/authors/profile/258905,Sistem Komputer (S1),258905,1,10,110,477.0,110,477.0,Islamic Science; Islamic Education; Philosophy; Computer Science,3,35,3,393,2,27,1,10,0,11,1,1,0,0,1,2,0
HERRY SAPUTRA,https://sinta.kemdiktisaintek.go.id/authors/profile/6803109,Unknown,6803109,1,2,109,168.0,109,168.0,Sistem Informasi,6,13,8,14,3,6,1,2,0,0,1,1,0,0,6,0,0
LINNA ISMAWATI,https://sinta.kemdiktisaintek.go.id/authors/profile/258562,Manajemen (S1),258562,1,8,108,974.0,108,974.0,management,2,58,4,682,1,32,1,8,0,7,0,2,0,1,1,0,0
HIDAYAT,https://sinta.kemdiktisaintek.go.id/authors/profile/5999088,Teknik Komputer (D3),5999088,3,6,108,670.0,108,670.0,Computer Engineering; Artificial Intelligence,0,52,0,158,0,32,3,6,0,3,1,1,0,1,4,3,2
AGUS MULYANA,https://sinta.kemdiktisaintek.go.id/authors/profile/258880,Teknik Komputer (D3),258880,4,7,107,522.0,107,522.0,Embedded System; Internet of Things; Edge Computing,15,19,136,131,6,15,4,7,1,4,1,8,2,3,2,5,3
HANI IRMAYANTI,https://sinta.kemdiktisaintek.go.id/authors/profile/6660741,Teknik Komputer (D3),6660741,2,0,107,536.0,107,536.0,information system; Database System,8,0,8,0,5,0,2,0,0,0,1,2,0,0,2,4,2
NELLY INDRIANI WIDIASTUTI,https://sinta.kemdiktisaintek.go.id/authors/profile/258656,Teknik Informatika (S1),258656,3,10,105,823.0,105,823.0,Artificial Intelligence; image recognition; machine learning; text mining,10,52,65,677,6,33,3,10,2,11,1,1,0,0,3,3,4
ALIF FINANDHITA,https://sinta.kemdiktisaintek.go.id/authors/profile/6104317,Teknik Informatika (S1),6104317,4,10,105,568.0,105,568.0,Software Engineering; Data; HCI,8,34,40,299,6,22,4,10,1,10,1,1,0,1,3,3,1
IYAN ANDRIANA,https://sinta.kemdiktisaintek.go.id/authors/profile/6004157,Teknik Industri (S1),6004157,2,5,103,325.0,103,325.0,Industrial Engineering,11,15,7,80,3,12,2,5,0,2,1,4,0,0,2,7,2
DEDI MULYASANA,https://sinta.kemdiktisaintek.go.id/authors/profile/6742727,Unknown,6742727,1,7,102,1.102,102,1.102,Manajemen Pendidikan,2,87,2,2048,1,34,1,7,0,7,1,1,0,0,1,0,1
LITA WULANTIKA,https://sinta.kemdiktisaintek.go.id/authors/profile/5983224,Unknown,5983224,3,4,102,748.0,102,748.0,Manajemen Sumber daya manusia,4,14,19,65,4,9,3,4,0,2,0,2,0,3,0,1,0
FERRY STEPHANUS SUWITA,https://sinta.kemdiktisaintek.go.id/authors/profile/6709884,Sistem Informasi (S1),6709884,1,2,99,290.0,99,290.0,Information System,5,18,4,52,3,7,1,2,0,1,1,1,0,0,1,1,3
RINI MAULINA,https://sinta.kemdiktisaintek.go.id/authors/profile/6006052,Desain (S2),6006052,1,5,99,604.0,99,604.0,Visual Art; Visual Communication; Semiotics; Culture; Graphic Design,3,49,5,84,1,20,1,5,0,2,1,1,0,1,0,1,1
FEBRY MAHARLIKA,https://sinta.kemdiktisaintek.go.id/authors/profile/258339,Desain Interior (S1),258339,1,5,97,488.0,97,488.0,Desain Interior; Seni Rupa,2,39,1,106,1,21,1,5,0,4,1,1,0,0,0,1,1
NUNGKI HERIYATI,https://sinta.kemdiktisaintek.go.id/authors/profile/6036313,Sastra Inggris (S1),6036313,0,6,96,302.0,96,302.0,Humanities,1,34,0,126,0,20,0,6,0,3,1,1,0,0,1,0,0
ARJUNA RIZALDI,https://sinta.kemdiktisaintek.go.id/authors/profile/5997124,Manajemen Pemasaran (D3),5997124,1,11,96,730.0,96,730.0,Digital Business; Management; Human Resource; Strategic Management; Economy,3,43,4,361,3,26,1,11,0,11,2,1,0,1,1,1,0
TIARA ISFIATY,https://sinta.kemdiktisaintek.go.id/authors/profile/258876,Desain (S2),258876,0,2,95,352.0,95,352.0,Desain Interior,0,26,0,21,0,9,0,2,0,1,0,1,0,0,0,0,0
ONY WIDILESTARININGTYAS,https://sinta.kemdiktisaintek.go.id/authors/profile/258610,Akuntansi (D3),258610,0,5,93,489.0,93,489.0,AKUNTANSI SEKTOR PUBLIK,0,15,0,104,0,6,0,5,0,3,0,1,0,0,0,0,0
SUGENG,https://sinta.kemdiktisaintek.go.id/authors/profile/6731875,Unknown,6731875,0,5,92,236.0,92,236.0,Embedded System and Computer Vision,3,18,0,86,0,12,0,5,0,2,1,1,0,0,0,2,1
HERY DWI YULIANTO,https://sinta.kemdiktisaintek.go.id/authors/profile/258633,Komputerisasi Akuntansi (D3),258633,2,7,92,405.0,92,405.0,Algoritma; Web Programing; Jaringan Komputer; Teknologi Sistem Informasi dan Komunikasi,4,58,6,208,2,24,2,7,0,6,1,2,0,0,3,1,0
TATI HARIHAYATI MARDZUKI,https://sinta.kemdiktisaintek.go.id/authors/profile/258733,Teknik Informatika (S1),258733,2,8,91,532.0,91,532.0,Informatics opsi Information System,6,27,13,239,5,20,2,8,0,6,1,5,0,0,5,0,1
EDNAWATI RAINARLI,https://sinta.kemdiktisaintek.go.id/authors/profile/5990417,Unknown,5990417,3,7,91,415.0,91,415.0,Machine Learning; Pattern Recognition; Image Processing,10,26,28,209,5,19,3,7,1,6,1,1,1,0,4,4,1
FEBILITA WULAN SARI,https://sinta.kemdiktisaintek.go.id/authors/profile/5973640,Ilmu Hukum (S1),5973640,0,4,91,222.0,91,222.0,Ilmu Hukum,2,27,0,41,0,12,0,4,0,0,1,2,0,0,0,2,0
RODI HARTONO,https://sinta.kemdiktisaintek.go.id/authors/profile/258945,Teknik Elektro (S1),258945,3,8,89,320.0,89,320.0,Robotics; Control Systems; AI,0,40,0,148,0,21,3,8,2,6,1,1,0,1,4,5,1
TRUSTORINI HANDAYANI,https://sinta.kemdiktisaintek.go.id/authors/profile/258560,Manajemen (S1),258560,2,2,89,519.0,89,519.0,Bisnis; Manajemen,5,14,9,15,3,5,2,2,0,0,1,1,0,1,3,1,0
MIA RAHMAWATI YUWITA,https://sinta.kemdiktisaintek.go.id/authors/profile/6770620,Sastra Inggris (S1),6770620,0,1,84,127.0,84,127.0,Linguistics; Applied Linguistics; English as an International Language; EFL,0,4,0,1,0,1,0,1,0,0,0,1,0,0,0,0,0
SITI KURNIA RAHAYU,https://sinta.kemdiktisaintek.go.id/authors/profile/258591,Akuntansi (S1),258591,1,10,84,913.0,84,913.0,Akuntansi; Sistem Informasi Akuntansi; Perpajakan,5,30,5,3635,2,18,1,10,0,10,1,1,0,0,1,3,1
TINE AGUSTIN WULANDARI,https://sinta.kemdiktisaintek.go.id/authors/profile/6006837,Ilmu Komunikasi (S1),6006837,1,6,84,819.0,84,819.0,Computer Mediated Communication; Interpersonal Communication; Intercultural Communication,2,22,1,124,1,11,1,6,0,3,1,2,0,0,0,3,0
TATANG SUPRIYADI,https://sinta.kemdiktisaintek.go.id/authors/profile/6953188,Manajemen Pemasaran (D3),6953188,0,1,84,98.0,84,98.0,Pemasaran,0,5,0,12,0,2,0,1,0,1,0,1,0,0,0,0,0
SYAHRUL,https://sinta.kemdiktisaintek.go.id/authors/profile/5987238,Sistem Komputer (S1),5987238,2,5,83,458.0,83,458.0,instrumentation system and applications,11,36,18,67,6,19,2,5,0,1,1,1,0,1,5,4,1
ANGGA FRIYANTO,https://sinta.kemdiktisaintek.go.id/authors/profile/6725600,Sistem Informasi (S1),6725600,2,3,82,371.0,82,371.0,Network Systems Administration; Cyber Security; SDN Network; Cloud Computing; Data Communications,9,10,11,24,4,7,2,3,0,0,1,1,0,0,2,4,3
CHRISMIKHA HARDYANTO,https://sinta.kemdiktisaintek.go.id/authors/profile/6719603,Teknik Informatika (S1),6719603,0,5,81,210.0,81,210.0,Software Engineering; Mobile Technology; Web Technology,2,16,0,73,0,10,0,5,0,3,1,1,0,0,0,0,2
ASIH PRIHANDINI,https://sinta.kemdiktisaintek.go.id/authors/profile/6004064,Sastra Inggris (S1),6004064,0,7,81,256.0,81,256.0,Humaniora,1,67,0,171,0,29,0,7,0,6,1,1,0,0,1,0,0
MELLY MAULIN PURWANINGWULAN,https://sinta.kemdiktisaintek.go.id/authors/profile/6035744,Ilmu Komunikasi (S1),6035744,3,7,80,1.143,80,1.143,Komunikasi,4,46,21,238,3,27,3,7,1,6,0,1,0,0,3,1,0
RAUF FAUZAN,https://sinta.kemdiktisaintek.go.id/authors/profile/258660,Sistem Informasi (S1),258660,2,8,79,597.0,79,597.0,Information System,8,41,9,235,4,24,2,8,0,6,1,1,0,0,3,3,2
DEDENG HIRAWAN,https://sinta.kemdiktisaintek.go.id/authors/profile/5991988,Teknik Informatika (S1),5991988,2,5,79,519.0,79,519.0,Computer Science and Engineering,5,33,8,88,3,20,2,5,0,3,1,1,0,0,4,1,0
FENNY FEBRIANTY,https://sinta.kemdiktisaintek.go.id/authors/profile/5999315,Sastra Jepang (S1),5999315,1,5,79,449.0,79,449.0,Bahasa & Sastra Jepang,1,60,1,135,1,25,1,5,0,4,0,1,0,0,1,0,0
RANI SUSANTO,https://sinta.kemdiktisaintek.go.id/authors/profile/258732,Teknik Informatika (S1),258732,3,7,78,988.0,78,988.0,Information System,4,18,7,470,3,11,3,7,1,6,1,1,0,1,4,11,1
ANGKY FEBRIANSYAH,https://sinta.kemdiktisaintek.go.id/authors/profile/258590,Manajemen (S1),258590,1,7,77,422.0,77,422.0,Akuntansi; Sistem Informasi Akuntansi; Perpajakan,3,27,1,466,1,17,1,7,0,3,2,1,0,1,0,1,1
ANISA ARIANINGSIH,https://sinta.kemdiktisaintek.go.id/authors/profile/5999508,Sastra Jepang (S1),5999508,0,5,77,259.0,77,259.0,Japanese Education; Learning Media; Linguistics; Phonetics and Phonology,0,54,0,100,0,23,0,5,0,3,0,1,0,0,0,0,0
DESAYU EKA SURYA,https://sinta.kemdiktisaintek.go.id/authors/profile/259201,Ilmu Komunikasi (S1),259201,1,4,76,780.0,76,780.0,Komunikasi Organisasi; Komunikasi Interpersonal; Public Relations; CSR,4,51,3,92,1,10,1,4,0,3,1,2,0,1,1,2,0
MUSA DARWIN PANE,https://sinta.kemdiktisaintek.go.id/authors/profile/259621,Ilmu Hukum (S1),259621,1,8,76,369.0,76,369.0,Public Law; Cyber Law; Criminal Law; Criminal Procedure Law and Corruption Law; Law and Ethics,2,82,6,252,1,26,1,8,0,6,1,2,0,0,0,0,2
JUANDA,https://sinta.kemdiktisaintek.go.id/authors/profile/6004121,Sastra Inggris (S1),6004121,4,4,75,386.0,75,386.0,Linguistik,6,54,5,54,2,14,4,4,2,1,1,1,1,0,8,1,0
IRMA ROCHMAWATI,https://sinta.kemdiktisaintek.go.id/authors/profile/6035959,Desain Grafis (D3),6035959,0,5,73,495.0,73,495.0,Graphic Design; Multimedia Design; Web Design; User Interface; UI & UX,1,23,0,282,0,11,0,5,0,1,1,1,0,0,1,0,0
DONNY REZA,https://sinta.kemdiktisaintek.go.id/authors/profile/6006784,Teknik Informatika (S1),6006784,1,1,72,73.0,72,73.0,Database; Web Programming; Data Science,2,6,3,5,2,3,1,1,0,0,2,2,0,0,1,0,1
APRIANI PUTI PURFINI,https://sinta.kemdiktisaintek.go.id/authors/profile/5999124,Komputerisasi Akuntansi (D3),5999124,1,3,70,573.0,70,573.0,Data Mining; Information System,6,33,8,89,3,14,1,3,0,2,1,1,0,0,5,0,1
YAYAH SUTISNAWATI,https://sinta.kemdiktisaintek.go.id/authors/profile/6800294,Manajemen (S1),6800294,1,6,69,242.0,69,242.0,Management; Finance; Economy; Entrepreneurship,2,27,1,83,1,14,1,6,0,2,2,1,0,0,2,0,0
JOHN ADLER,https://sinta.kemdiktisaintek.go.id/authors/profile/258346,Teknik Komputer (D3),258346,2,7,69,450.0,69,450.0,Artificial Intelligence; Earth Physics; Image Processing,6,62,10,172,3,24,2,7,0,3,1,1,0,0,5,2,1
ARIF TRY CAHYADI,https://sinta.kemdiktisaintek.go.id/authors/profile/6200325,Desain Komunikasi Visual (S1),6200325,1,3,68,231.0,68,231.0,Desain Komunikasi Visual; Multimedia,1,15,28,133,1,10,1,3,1,1,0,1,0,0,0,1,0
ANNA DARA ANDRIANA,https://sinta.kemdiktisaintek.go.id/authors/profile/258891,Teknik Informatika (S1),258891,1,7,68,566.0,68,566.0,Unknown,4,34,3,618,3,21,1,7,0,6,2,1,0,0,3,1,0
FAKHRIAN FADLIA ADIWIJAYA,https://sinta.kemdiktisaintek.go.id/authors/profile/6721333,Teknik Informatika (S1),6721333,0,4,67,290.0,67,290.0,Data; Data Mining; Datawarehouse,1,15,0,81,0,11,0,4,0,1,1,1,0,0,0,0,1
KANKAN KASMANA,https://sinta.kemdiktisaintek.go.id/authors/profile/6006605,Desain (S2),6006605,1,6,67,634.0,67,634.0,Design; Comic; Sunda Culture; Visual Culture.,3,54,4,115,3,30,1,6,0,3,2,2,0,1,2,0,0
TATIK FIDOWATY,https://sinta.kemdiktisaintek.go.id/authors/profile/6098702,Ilmu Pemerintahan (S1),6098702,0,5,64,310.0,64,310.0,Ilmu Pemerintahan,1,35,0,128,0,15,0,5,0,4,1,2,0,0,0,1,0
IVAN KURNIAWAN,https://sinta.kemdiktisaintek.go.id/authors/profile/258675,Desain Grafis (D3),258675,0,0,63,675.0,63,675.0,Desain Komunikasi Visual; Fotografi,3,0,0,0,0,0,0,0,0,0,1,2,0,0,2,1,0
RIANI LUBIS,https://sinta.kemdiktisaintek.go.id/authors/profile/258776,Teknik Informatika (S1),258776,1,5,63,620.0,63,620.0,Information System,7,27,5,173,3,17,1,5,0,3,0,3,0,1,4,2,0
TRI WIDIANTI NATALIA,https://sinta.kemdiktisaintek.go.id/authors/profile/258619,Teknik Arsitektur (S1),258619,1,6,63,355.0,63,355.0,environment behavior architecture,3,20,9,92,2,16,1,6,0,2,1,3,0,0,2,1,0
ERNA SUSILAWATI,https://sinta.kemdiktisaintek.go.id/authors/profile/6005084,Manajemen (S1),6005084,2,4,63,421.0,63,421.0,English Literature; Marketing Management,4,21,12,41,4,9,2,4,0,0,3,1,0,0,3,0,1
SATRIA INDRA PRAJA PERSADA,https://sinta.kemdiktisaintek.go.id/authors/profile/258700,Desain Interior (S1),258700,0,3,62,305.0,62,305.0,Graphic Design; Multimedia; Management Design; IT,1,25,0,31,0,9,0,3,0,1,1,2,0,0,0,1,0
MARI MARYATI,https://sinta.kemdiktisaintek.go.id/authors/profile/6776496,Manajemen (S1),6776496,1,3,61,145.0,61,145.0,Perbankan,1,34,2,47,1,15,1,3,0,1,2,1,0,1,1,0,0
RIZKI ZULFIKAR,https://sinta.kemdiktisaintek.go.id/authors/profile/258566,Manajemen (S1),258566,0,3,60,783.0,60,783.0,Manajemen; Marketing,1,80,0,19,0,7,0,3,0,0,1,1,0,0,1,0,0
GERALDI CATUR PAMUJI,https://sinta.kemdiktisaintek.go.id/authors/profile/6656635,Sistem Informasi (S2),6656635,3,4,60,191.0,60,191.0,Data Science; Project Management; Information System; Knowledge Management,9,20,13,43,4,12,3,4,0,1,1,1,0,0,3,3,3
IRWAN TARMAWAN,https://sinta.kemdiktisaintek.go.id/authors/profile/258701,Desain Komunikasi Visual (S1),258701,1,4,57,571.0,57,571.0,Sinematografi dan Periklanan,3,36,1,90,1,24,1,4,0,1,1,1,0,0,1,2,0
YASUNDARI,https://sinta.kemdiktisaintek.go.id/authors/profile/6803414,Ilmu Komunikasi (S1),6803414,0,4,57,64.0,57,64.0,Media and Communication; Digital Media; Climate Change Communication; Coastal Communities; Resilience,0,20,0,41,0,10,0,4,0,2,0,1,0,0,0,0,0
DENI ALBAR,https://sinta.kemdiktisaintek.go.id/authors/profile/258730,Desain Komunikasi Visual (S1),258730,0,4,56,698.0,56,698.0,Desain Komunikasi Visual; Desain Grafis; Graphics Design,3,45,0,61,0,21,0,4,0,1,1,1,0,0,2,1,0
IRFAN DWIGUNA SUMITRA,https://sinta.kemdiktisaintek.go.id/authors/profile/5999480,Sistem Informasi (S2),5999480,4,7,55,1.274,55,1.274,WSN; IoT; Enterprise Architecture,38,58,55,169,19,35,4,7,0,4,1,1,1,5,24,8,0
SALMON PRIAJI MARTANA,https://sinta.kemdiktisaintek.go.id/authors/profile/6008206,Teknik Arsitektur (S1),6008206,1,4,54,472.0,54,472.0,Architecture; Inculturation,6,23,4,86,3,12,1,4,0,2,1,1,0,0,3,3,0
INTA BUDI SETYA NUSA,https://sinta.kemdiktisaintek.go.id/authors/profile/258632,Akuntansi (S1),258632,1,4,54,490.0,54,490.0,Akuntansi; Sistem Informasi Akuntansi,2,38,1,96,1,12,1,4,0,3,2,1,0,0,0,2,0
WARTIKA,https://sinta.kemdiktisaintek.go.id/authors/profile/6132614,Sistem Informasi (S1),6132614,2,5,54,336.0,54,336.0,sistem informasi,2,26,4,89,2,14,2,5,0,3,0,1,0,0,1,1,0
RIZKY JUMANSYAH,https://sinta.kemdiktisaintek.go.id/authors/profile/6803107,Unknown,6803107,1,1,52,87.0,52,87.0,Sistem informasi; Development; Aplikasi,4,5,1,5,1,4,1,1,0,0,2,1,0,0,4,0,0
ROMEIZA SYAFRIHARTI,https://sinta.kemdiktisaintek.go.id/authors/profile/5998989,Teknik Perencanaan Wilayah Dan Kota (S1),5998989,3,0,52,381.0,52,381.0,Transportation,5,0,10,0,4,0,3,0,0,0,1,1,0,0,2,1,2
WANTORO,https://sinta.kemdiktisaintek.go.id/authors/profile/258677,Desain Grafis (D3),258677,0,5,51,640.0,51,640.0,Desain Komunikasi Visual; Desain Grafis; Tipografi,0,28,0,82,0,17,0,5,0,3,0,1,0,0,0,0,0
HENIKE PRIMAWANTI,https://sinta.kemdiktisaintek.go.id/authors/profile/6703644,Ilmu Hubungan Internasional (S1),6703644,0,5,51,131.0,51,131.0,Ilmu Hubungan Internasional,0,23,0,81,0,16,0,5,0,3,0,1,0,0,0,0,0
ADITYO BASKORO HARDOYO,https://sinta.kemdiktisaintek.go.id/authors/profile/6728702,Desain Grafis (D3),6728702,1,3,49,147.0,49,147.0,Photography; Cinematography; Vernacular Design; Graphic Design; Keris,2,20,6,89,1,12,1,3,0,2,0,1,1,0,0,1,0
PITRI HARYANTI,https://sinta.kemdiktisaintek.go.id/authors/profile/258669,Sastra Jepang (S1),258669,0,5,49,230.0,49,230.0,Bahasa; Sastra; Budaya; animasi,0,51,0,92,0,21,0,5,0,2,0,1,0,0,0,0,0
INGGAR PRAYOGA,https://sinta.kemdiktisaintek.go.id/authors/profile/6005603,Ilmu Komunikasi (S1),6005603,2,4,49,677.0,49,677.0,Ilmu Komunikasi,2,37,4,45,2,13,2,4,0,0,0,1,0,0,0,2,0
RYANTY DERWENTYANA NAZHAR,https://sinta.kemdiktisaintek.go.id/authors/profile/258788,Desain Interior (S1),258788,1,5,48,371.0,48,371.0,Interior Design; Furniture; Architecture,1,23,3,76,1,13,1,5,0,2,0,1,0,0,1,0,0
DINA FATIMAH,https://sinta.kemdiktisaintek.go.id/authors/profile/258607,Desain Interior (S1),258607,2,3,48,506.0,48,506.0,Desain Interior,12,26,13,29,9,9,2,3,0,1,1,1,0,0,3,6,3
SELVIA LORENA BR GINTING,https://sinta.kemdiktisaintek.go.id/authors/profile/258870,Sistem Komputer (S1),258870,2,9,47,533.0,47,533.0,Data Mining; Software Engineering; Software Analysis & Design; Augmented Reality,0,56,0,287,0,29,2,9,0,8,1,2,0,0,8,4,0
SUSMINI INDRIANI L,https://sinta.kemdiktisaintek.go.id/authors/profile/258895,Teknik Komputer (D3),258895,2,9,47,442.0,47,442.0,Teknik Telekomunikasi,10,49,22,205,6,25,2,9,1,7,1,1,0,1,2,1,6
NOVA CHANDRA ADITYA,https://sinta.kemdiktisaintek.go.id/authors/profile/6762594,Teknik Arsitektur (S1),6762594,0,2,46,183.0,46,183.0,Architecture,0,7,0,12,0,3,0,2,0,0,0,1,0,0,0,0,0
BAMBANG SISWOYO,https://sinta.kemdiktisaintek.go.id/authors/profile/6926655,Teknik Informatika (S1),6926655,2,6,45,153.0,45,153.0,Kecerdasan Artificial; Enterprise Information System; Machine learning,3,25,17,117,3,16,2,6,1,5,0,1,0,1,1,1,0
TONO HARTONO,https://sinta.kemdiktisaintek.go.id/authors/profile/258726,Sistem Informasi (S1),258726,2,6,45,405.0,45,405.0,Information System,7,28,4,130,2,13,2,6,0,3,1,3,0,0,5,1,1
GALIH HERMAWAN,https://sinta.kemdiktisaintek.go.id/authors/profile/258217,Teknik Informatika (S1),258217,3,7,44,258.0,44,258.0,Machine Learning; Natural Language Interfaces; Large Language Models; Blockchain; Game-Based Learnin,4,22,26,135,3,16,3,7,1,5,0,1,0,0,2,1,1
TAUFIQ NUZWIR NIZAR,https://sinta.kemdiktisaintek.go.id/authors/profile/258948,Sistem Komputer (S1),258948,2,5,44,283.0,44,283.0,Robotics; Image Processing,5,17,21,86,4,11,2,5,1,3,2,1,0,0,2,2,1
TAUFAN HIDAYATULLAH,https://sinta.kemdiktisaintek.go.id/authors/profile/258820,Desain (S2),258820,1,3,44,457.0,44,457.0,DKV,2,13,2,19,1,8,1,3,0,0,2,4,0,0,1,1,0
DIANA ANDRIANI,https://sinta.kemdiktisaintek.go.id/authors/profile/6003825,Teknik Industri (S1),6003825,5,5,43,582.0,43,582.0,Manajemen Industri; Behavior Finance,0,28,0,92,0,12,5,5,3,3,2,1,0,2,5,12,3
VITTA PRATIWI,https://sinta.kemdiktisaintek.go.id/authors/profile/6005450,Teknik Sipil (S1),6005450,1,2,43,249.0,43,249.0,civil engineering,4,15,4,11,2,6,1,2,0,0,3,1,0,0,3,1,0
CHERRY DHARMAWAN,https://sinta.kemdiktisaintek.go.id/authors/profile/5981885,Desain Interior (S1),5981885,1,4,42,825.0,42,825.0,Interior Design,3,24,2,34,2,8,1,4,0,0,2,1,0,1,1,0,1
ANDRI HERYANDI,https://sinta.kemdiktisaintek.go.id/authors/profile/258867,Teknik Informatika (S1),258867,2,10,42,623.0,42,623.0,Algorithm; Data Structure; Web Programming; Database Technology; Data Mining,7,133,13,389,5,23,2,10,0,11,3,1,0,2,2,3,0
CITRA NOVIYASARI,https://sinta.kemdiktisaintek.go.id/authors/profile/5983808,Sistem Informasi (S1),5983808,0,3,41,177.0,41,177.0,e-payment; knowledge sharing; trust,1,95,0,47,0,6,0,3,0,2,1,1,0,0,1,0,0
SYLVIA OCTA PUTRI,https://sinta.kemdiktisaintek.go.id/authors/profile/258812,Ilmu Hubungan Internasional (S1),258812,1,3,39,355.0,39,355.0,International Relations; East Asian Studies; Economic Diplomacy; Paradiplomacy; Cyber in IR,2,13,1,24,1,5,1,3,0,1,1,1,0,0,1,1,0
GENTISYA TRI MARDIANI,https://sinta.kemdiktisaintek.go.id/authors/profile/258860,Teknik Informatika (S1),258860,1,4,38,467.0,38,467.0,Teknik Informatika,3,16,8,186,1,10,1,4,0,3,1,1,0,0,2,1,0
UTAMI DEWI WIDIANTI,https://sinta.kemdiktisaintek.go.id/authors/profile/258735,Teknik Informatika (S1),258735,2,7,38,551.0,38,551.0,Unknown,4,39,9,263,4,15,2,7,0,6,3,2,0,0,4,0,0
WANITA SUBADRA ABIOSO,https://sinta.kemdiktisaintek.go.id/authors/profile/258659,Unknown,258659,2,6,36,396.0,36,396.0,Sustainable Architecture; Spatial Behavior,6,41,9,75,4,14,2,6,0,2,1,2,0,0,3,2,1
ANDI HARAPAN,https://sinta.kemdiktisaintek.go.id/authors/profile/6004967,Teknik Arsitektur (S1),6004967,1,5,36,297.0,36,297.0,Architecture,3,52,2,116,2,25,1,5,0,2,1,1,0,0,1,1,1
DIDIT ANDRI JATMIKO,https://sinta.kemdiktisaintek.go.id/authors/profile/6681765,Teknik Informatika (S1),6681765,2,3,36,464.0,36,464.0,Image Processing; Computer Vision; Robotics; Internet of Things,5,17,6,28,2,8,2,3,0,0,1,4,0,0,1,2,2
HADI PURNOMO,https://sinta.kemdiktisaintek.go.id/authors/profile/6803421,Manajemen (S1),6803421,2,3,36,106.0,36,106.0,Management; Finance; Economy; Entrepreneurship,3,21,19,84,2,10,2,3,1,2,0,1,0,1,1,1,0
MUHAMMAD SYAHRIL ISKANDAR,https://sinta.kemdiktisaintek.go.id/authors/profile/6037936,Desain Komunikasi Visual (S1),6037936,2,3,35,463.0,35,463.0,DKV,4,34,9,39,3,9,2,3,0,2,4,1,0,0,4,0,0
ISKANDAR IKBAL,https://sinta.kemdiktisaintek.go.id/authors/profile/259132,Teknik Informatika (S1),259132,1,5,34,521.0,34,521.0,Computers Network,3,6,2,61,1,6,1,5,0,2,1,0,0,1,2,0,0
YUSRILA YEKA KERLOOZA,https://sinta.kemdiktisaintek.go.id/authors/profile/5987175,Sistem Informasi (S2),5987175,1,4,34,515.0,34,515.0,Arsitektur Komputer; Robotika; Kecerdasan Buatan; Sistem Waktu Nyata,13,27,9,42,7,17,1,4,0,0,1,1,0,0,8,2,3
ADIYANA SLAMET,https://sinta.kemdiktisaintek.go.id/authors/profile/6006229,Ilmu Komunikasi (S1),6006229,0,4,33,664.0,33,664.0,Komunikasi Politik; Kajian Media Komunikasi,0,63,0,38,0,10,0,4,0,1,0,1,0,0,0,0,0
AHMAD NURZAENI FAUZI,https://sinta.kemdiktisaintek.go.id/authors/profile/6788605,Desain Grafis (D3),6788605,0,1,33,63.0,33,63.0,Desain; Grafis; Layout; Tipografi; Ilustrasi,0,2,0,1,0,1,0,1,0,0,0,2,0,0,0,0,0
RISMAWATY,https://sinta.kemdiktisaintek.go.id/authors/profile/259267,Ilmu Komunikasi (S1),259267,0,1,33,715.0,33,715.0,Communication,1,25,0,3,0,2,0,1,0,0,1,1,0,0,0,1,0
RINO ADIBOWO,https://sinta.kemdiktisaintek.go.id/authors/profile/6035483,Ilmu Pemerintahan (S1),6035483,0,0,33,403.0,33,403.0,Government; Public Policy; e-Government; Political Economy; Democracy and Good Governance,1,0,0,0,0,0,0,0,0,0,1,3,0,0,0,1,0
SUTONO,https://sinta.kemdiktisaintek.go.id/authors/profile/258558,Sistem Komputer (S1),258558,1,0,31,418.0,31,418.0,instrumen dan kontrol,6,0,6,0,5,0,1,0,0,0,2,5,0,0,3,4,0
AELINA SURYA,https://sinta.kemdiktisaintek.go.id/authors/profile/6711698,Ilmu Hubungan Internasional (S1),6711698,0,1,30,61.0,30,61.0,International Relations,0,3,0,2,0,1,0,1,0,0,0,2,0,0,0,0,0
YASMI AFRIZAL,https://sinta.kemdiktisaintek.go.id/authors/profile/6005290,Sistem Informasi (S1),6005290,1,3,30,216.0,30,216.0,Rekayasa Perangkat Lunak,2,25,0,34,0,12,1,3,0,0,1,1,0,0,2,2,0
MERLINA FATIMAH NASRUDDIN,https://sinta.kemdiktisaintek.go.id/authors/profile/6183101,Desain Komunikasi Visual (S1),6183101,0,2,27,66.0,27,66.0,Animation; Graphic Design,0,15,0,8,0,5,0,2,0,0,0,2,0,0,0,0,0
IYAN GUSTIANA,https://sinta.kemdiktisaintek.go.id/authors/profile/5986858,Sistem Informasi (S1),5986858,2,5,23,348.0,23,348.0,Information System; Database; Sociotechnical System,10,34,7,86,3,18,2,5,0,2,1,1,0,0,7,3,0
USEP MOHAMAD ISHAQ,https://sinta.kemdiktisaintek.go.id/authors/profile/6006007,Sistem Komputer (S1),6006007,1,4,23,322.0,23,322.0,Physics; Geophysics; Philosophy of Science; Islamic Science; Islamic Civilization,2,32,1,185,1,17,1,4,0,3,2,2,0,1,1,0,0
MOHAMAD DONIE AULIA,https://sinta.kemdiktisaintek.go.id/authors/profile/5998802,Teknik Sipil (S1),5998802,0,7,21,231.0,21,231.0,transportasi; ekonomi; IT; hukum,2,48,0,165,0,26,0,7,0,6,1,1,0,1,0,1,0
AYU PRATIWI ULFAH,https://sinta.kemdiktisaintek.go.id/authors/profile/6783889,Sistem Informasi (S1),6783889,0,0,20,23.0,20,23.0,Unknown,0,0,0,0,0,0,0,0,0,0,0,0,0,0,0,0,0
BUDI MULYANA,https://sinta.kemdiktisaintek.go.id/authors/profile/6006635,Ilmu Hubungan Internasional (S1),6006635,0,2,20,107.0,20,107.0,International Relations; Regionalism; Islamic Studies; Organized Crime,0,12,0,8,0,4,0,2,0,0,0,1,0,0,0,0,0
YUNI DAHLIA YOSEPHA MOGOT,https://sinta.kemdiktisaintek.go.id/authors/profile/6738681,Ilmu Komunikasi (S1),6738681,0,2,20,50.0,20,50.0,Komunikasi Antar Budaya,0,39,0,6,0,2,0,2,0,0,0,1,0,0,0,0,0
NINA KURNIA HIKMAWATI,https://sinta.kemdiktisaintek.go.id/authors/profile/6803417,Sistem Informasi (S1),6803417,3,5,18,151.0,18,151.0,Strategic Management; Marketing; HR; Management,4,13,23,64,3,9,3,5,0,3,0,1,0,0,0,1,3
SURYATNO W SOEGOTO,https://sinta.kemdiktisaintek.go.id/authors/profile/6804795,Unknown,6804795,0,0,15,32.0,15,32.0,Unknown,1,9,0,0,0,0,0,0,0,0,1,1,0,0,1,0,0
TRI RAHAJOENINGROEM,https://sinta.kemdiktisaintek.go.id/authors/profile/259224,Teknik Elektro (S1),259224,1,9,11,212.0,11,212.0,Telecommunication System,4,33,3,172,2,24,1,9,0,9,2,5,0,0,2,1,1
THERESIA VALENTINA LUMBAN GAOL,https://sinta.kemdiktisaintek.go.id/authors/profile/6802923,Unknown,6802923,2,4,10,203.0,10,203.0,Urban and Regional Planning,8,21,11,44,6,12,2,4,0,0,3,1,0,0,2,6,0
GERALDI CATUR PAMUJI,https://sinta.kemdiktisaintek.go.id/authors/profile/6918009,Unknown,6918009,0,4,10,28.0,10,28.0,Data Science; Project Management; Information System; Knowledge Management,0,26,0,66,0,14,0,4,0,2,0,1,0,0,0,0,0
YUDISTIRA SOEGOTO,https://sinta.kemdiktisaintek.go.id/authors/profile/6802984,Sistem Informasi (S1),6802984,0,2,9,13.0,9,13.0,Sistem Informasi; enterprise architecture; Digital Transformation,0,9,0,11,0,3,0,2,0,0,0,1,0,0,0,0,0
SAFUTRA RANTONA,https://sinta.kemdiktisaintek.go.id/authors/profile/6711079,Ilmu Komunikasi (S1),6711079,0,0,8,34.0,8,34.0,komunikasi pemerintahan; komunikasi lingkungan; komunikasi pembangunan,0,0,0,0,0,0,0,0,0,0,0,7,0,0,0,0,0
RIA FATHYA LUQMAN,https://sinta.kemdiktisaintek.go.id/authors/profile/6860170,Desain Komunikasi Visual (S1),6860170,0,1,6,17.0,6,17.0,Desain Komunikasi Visual,0,6,0,2,0,1,0,1,0,0,0,1,0,0,0,0,0
NILUH AYU ANGGASWARI,https://sinta.kemdiktisaintek.go.id/authors/profile/6908316,Ilmu Komunikasi (S1),6908316,0,2,6,6.0,6,6.0,Communication Science,0,8,0,7,0,3,0,2,0,0,0,1,0,0,0,0,0
FALDERIKA,https://sinta.kemdiktisaintek.go.id/authors/profile/6748057,Teknik Sipil (S1),6748057,0,0,2,35.0,2,35.0,Unknown,0,0,0,0,0,0,0,0,0,0,0,0,0,0,0,0,0
AHADIAT JOEDAWINATA,https://sinta.kemdiktisaintek.go.id/authors/profile/6048481,Desain (S2),6048481,0,3,2,26.0,2,26.0,Interior Design; Estetika; Ahli Keramik; Seni,0,18,0,36,0,12,0,3,0,0,0,2,0,0,0,0,0
WIM TOHARI DANIEALDI,https://sinta.kemdiktisaintek.go.id/authors/profile/6803507,Ilmu Hubungan Internasional (S1),6803507,0,1,2,11.0,2,11.0,Geopolitik; Studi Strategis; Studi Kawasan,0,20,0,1,0,1,0,1,0,0,0,1,0,0,0,0,0
GANJAR MIFTAHUDDIN,https://sinta.kemdiktisaintek.go.id/authors/profile/6860169,Desain Komunikasi Visual (S1),6860169,0,1,2,3.0,2,3.0,Desain Komunikasi Visual,0,4,0,1,0,1,0,1,0,0,0,1,0,0,0,0,0
PRITHA FITRIA NATASHA BEKTI,https://sinta.kemdiktisaintek.go.id/authors/profile/6962506,Desain Komunikasi Visual (S1),6962506,0,1,1,2.0,1,2.0,design; art and psychology,0,3,0,3,0,1,0,1,0,0,0,1,0,0,0,0,0
ARIES SETIAWAN SATRIO NUGROHO,https://sinta.kemdiktisaintek.go.id/authors/profile/6988065,Desain Komunikasi Visual (S1),6988065,0,0,1,1.0,1,1.0,Children Illustration,0,2,0,0,0,0,0,0,0,0,0,1,0,0,0,0,0
DHIKA MEGA PRATAMA,https://sinta.kemdiktisaintek.go.id/authors/profile/6987575,Desain Komunikasi Visual (S1),6987575,0,0,1,3.0,1,3.0,Design,0,5,0,0,0,0,0,0,0,0,0,1,0,0,0,0,0
ANTO PURWANTO,https://sinta.kemdiktisaintek.go.id/authors/profile/6685177,Unknown,6685177,0,1,0,6.0,0,6.0,Computer Enterprise; Business Engineering; Information System; Korean Business; International Trade,0,10,0,1,0,1,0,1,0,0,0,2,0,0,0,0,0
LIA YULIANTI,https://sinta.kemdiktisaintek.go.id/authors/profile/6736482,Keuangan Dan Perbankan (D3),6736482,0,0,0,1.0,0,1.0,Ekonomi Manajemen,0,0,0,0,0,0,0,0,0,0,0,1,0,0,0,0,0
ERICK WIJAYA,https://sinta.kemdiktisaintek.go.id/authors/profile/258862,Unknown,258862,0,0,0,3.0,0,3.0,Unknown,0,0,0,0,0,0,0,0,0,0,0,0,0,0,0,0,0
SANGRA JULIANO PRAKASA,https://sinta.kemdiktisaintek.go.id/authors/profile/259202,Ilmu Komunikasi (S1),259202,0,0,0,26.0,0,26.0,Komunikasi; Public Relations; Budaya,0,0,0,0,0,0,0,0,0,0,0,1,0,0,0,0,0
MAMAN KUSMAN,https://sinta.kemdiktisaintek.go.id/authors/profile/6029164,Unknown,6029164,0,4,0,35.0,0,35.0,Managerial fit; Meaning of Working; Cross Cultural Research,0,22,0,59,0,8,0,4,0,1,0,1,0,0,0,0,0
NANG PRIMADI TABRANI,https://sinta.kemdiktisaintek.go.id/authors/profile/6048459,Unknown,6048459,0,11,0,133.0,0,133.0,Bahasa Rupa; Cerita Anak,0,33,0,638,0,28,0,11,0,12,0,8,0,0,0,0,0
RISKA SRI RAHMAWATI,https://sinta.kemdiktisaintek.go.id/authors/profile/5978448,Unknown,5978448,0,0,0,3.0,0,3.0,Unknown,0,0,0,0,0,0,0,0,0,0,0,1,0,0,0,0,0
KANI MAHARDIKA,https://sinta.kemdiktisaintek.go.id/authors/profile/6084709,Teknik Perencanaan Wilayah Dan Kota (S1),6084709,0,2,0,59.0,0,59.0,Perencanaan Wilayah dan Kota / Regional and City P,2,5,0,5,0,3,0,2,0,0,1,2,0,0,0,2,0
KEN KINANTI PURNAMASARI,https://sinta.kemdiktisaintek.go.id/authors/profile/5990453,Teknik Informatika (S1),5990453,1,0,0,100.0,0,100.0,Computer Science; Natural Language Processing; Artificial Intelligence,2,0,5,0,1,0,1,0,0,0,1,1,0,0,2,0,0
DEASY PERMATASARI,https://sinta.kemdiktisaintek.go.id/authors/profile/5999425,Manajemen Informatika (D3),5999425,0,4,0,121.0,0,121.0,Sistem Informasi,0,46,0,34,0,10,0,4,0,0,0,1,0,0,0,0,0
LINDA MEGA SILVIANA,https://sinta.kemdiktisaintek.go.id/authors/profile/6746292,Desain Komunikasi Visual (S1),6746292,0,0,0,3.0,0,3.0,Copywriting; Desain Komunikasi Visual,0,5,0,0,0,0,0,0,0,0,0,1,0,0,0,0,0
ANNISA SUCI RAMADANI,https://sinta.kemdiktisaintek.go.id/authors/profile/6756099,Unknown,6756099,0,0,0,1.0,0,1.0,Management,0,2,0,0,0,0,0,0,0,0,0,1,0,0,0,0,0
RANGGA GELAR GUNTARA,https://sinta.kemdiktisaintek.go.id/authors/profile/6005253,Unknown,6005253,2,0,0,75.0,0,75.0,Unknown,2,0,3,0,1,0,2,0,0,0,3,1,0,0,3,0,0
RIFIATI SAFARIAH,https://sinta.kemdiktisaintek.go.id/authors/profile/6006916,Teknik Perencanaan Wilayah Dan Kota (S1),6006916,1,1,0,55.0,0,55.0,Urban and Regional Planning,2,7,2,2,1,2,1,1,0,0,1,1,0,1,0,1,0
DEDDY KURNIAWAN,https://sinta.kemdiktisaintek.go.id/authors/profile/6035415,Unknown,6035415,0,1,0,4.0,0,4.0,Photography; cinematography; calligraphy; branding; advertising,0,4,0,3,0,2,0,1,0,0,0,2,0,0,0,0,0
ACHMAD DEPTIAN DJENUARI RIZKY,https://sinta.kemdiktisaintek.go.id/authors/profile/6987572,Desain Komunikasi Visual (S1),6987572,0,2,0,14.0,0,14.0,Illustration; Comics; Graphic Design,0,21,0,8,0,4,0,2,0,0,0,2,0,0,0,0,0
SUBARNA,https://sinta.kemdiktisaintek.go.id/authors/profile/6048499,Desain (S2),6048499,0,1,0,6.0,0,6.0,Estetika dan Ilmu-ilmu Seni Rupa dan Desain; seni rupa dan arsitektur islam; designer dan seniman seni rupa; pelukis kaligrafi,0,2,0,1,0,0,0,1,0,0,0,0,0,0,0,0,0
HADI KUSUMAH,https://sinta.kemdiktisaintek.go.id/authors/profile/6716068,Unknown,6716068,0,0,0,0.0,0,0.0,Unknown,0,0,0,0,0,0,0,0,0,0,0,0,0,0,0,0,0
NENDEN RIKMA DEWI,https://sinta.kemdiktisaintek.go.id/authors/profile/6004137,Unknown,6004137,0,1,0,21.0,0,21.0,Literature; Cultural Studies; Social Science; Digital Humanities; Postcolonial,0,25,0,4,0,3,0,1,0,0,0,1,0,0,0,0,0
RIZALUL KALAM,https://sinta.kemdiktisaintek.go.id/authors/profile/6763305,Unknown,6763305,0,1,0,5.0,0,5.0,Efficiency; productivity; industry 4.0,0,4,0,12,0,1,0,1,0,1,0,1,0,0,0,0,0
TATANG SUHERI,https://sinta.kemdiktisaintek.go.id/authors/profile/6005040,Teknik Perencanaan Wilayah Dan Kota (S1),6005040,1,0,0,159.0,0,159.0,Urban and regional Planning,5,2,6,0,2,0,1,0,0,0,1,1,0,0,1,4,0
UTAMI DEWI WIDIANTI,https://sinta.kemdiktisaintek.go.id/authors/profile/6005151,Unknown,6005151,2,7,0,147.0,0,147.0,Unknown,4,39,9,263,4,15,2,7,0,6,3,2,0,0,4,0,0
ARINITA SANDRIA,https://sinta.kemdiktisaintek.go.id/authors/profile/6006394,Ilmu Hukum (S1),6006394,0,0,0,68.0,0,68.0,Constitutional Law; Adat Law; Constitution,0,0,0,0,0,0,0,0,0,0,0,4,0,0,0,0,0
MUHAMMAD AKSAN IPAENIN,https://sinta.kemdiktisaintek.go.id/authors/profile/6981081,Unknown,6981081,0,0,0,0.0,0,0.0,Unknown,0,0,0,0,0,0,0,0,0,0,0,0,0,0,0,0,0
WIRA MAHARDIKA PUTRA,https://sinta.kemdiktisaintek.go.id/authors/profile/5974595,Unknown,5974595,0,1,0,5.0,0,5.0,Visual Communication Design,0,3,0,5,0,1,0,1,0,0,0,3,0,0,0,0,0
AMILIA WIDYA,https://sinta.kemdiktisaintek.go.id/authors/profile/6988611,Unknown,6988611,0,0,0,0.0,0,0.0,Unknown,0,0,0,0,0,0,0,0,0,0,0,0,0,0,0,0,0
HERI GUNAWAN,https://sinta.kemdiktisaintek.go.id/authors/profile/6088457,Ilmu Hukum (S1),6088457,0,0,0,4.0,0,4.0,hukum pidana,0,5,0,0,0,0,0,0,0,0,0,1,0,0,0,0,0
