nama,profile_url,departemen,sinta_id,hindex_scopus,hindex_gs,sinta_score_3yr,sinta_score,affil_score_3yr,affil_score
EDDY SURYANTO SOEGOTO,https://sinta.kemdiktisaintek.go.id/authors/profile/257962,Ilmu Manajemen (S3),257962,12,21,824,4.109,824,4.109
SENNY LUCKYARDI,https://sinta.kemdiktisaintek.go.id/authors/profile/6754370,Manajemen Pemasaran (D3),6754370,11,19,764,1.763,764,1.763
IRAWAN AFRIANTO,https://sinta.kemdiktisaintek.go.id/authors/profile/5985954,Teknik Informatika (S1),5985954,9,25,620,2.362,620,2.362
UMI NARIMAWATI,https://sinta.kemdiktisaintek.go.id/authors/profile/5999039,Ilmu Manajemen (S3),5999039,2,22,605,2.601,605,2.601
ZAINAL ARIFIN HASIBUAN,https://sinta.kemdiktisaintek.go.id/authors/profile/6655639,Sistem Informasi (S2),6655639,12,24,571,3.521,571,3.521
WAHYUNI,https://sinta.kemdiktisaintek.go.id/authors/profile/258622,Sistem Informasi (S1),258622,2,4,570,2.964,570,2.964
LIA WARLINA,https://sinta.kemdiktisaintek.go.id/authors/profile/257844,Teknik Perencanaan Wilayah Dan Kota (S1),257844,6,12,481,1.688,481,1.688
PONI SUKAESIH KURNIATI,https://sinta.kemdiktisaintek.go.id/authors/profile/258932,Ilmu Pemerintahan (S1),258932,3,14,428,1.048,428,1.048
BOBI KURNIAWAN SOEGOTO,https://sinta.kemdiktisaintek.go.id/authors/profile/257836,Teknik Elektro (S1),257836,5,11,406,1.354,406,1.354
SRI DEWI ANGGADINI,https://sinta.kemdiktisaintek.go.id/authors/profile/258595,Akuntansi (S1),258595,6,21,393,1.845,393,1.845
LILIS PUSPITAWATI,https://sinta.kemdiktisaintek.go.id/authors/profile/258587,Akuntansi (S1),258587,4,18,384,1.247,384,1.247
ANNISA PARAMITHA F.,https://sinta.kemdiktisaintek.go.id/authors/profile/258682,Sistem Informasi (S1),258682,2,8,370,928,370,928
SUPRIYATI,https://sinta.kemdiktisaintek.go.id/authors/profile/258641,Komputerisasi Akuntansi (D3),258641,3,11,344,846,344,846
AGIS ABHI RAFDHI,https://sinta.kemdiktisaintek.go.id/authors/profile/6803098,Unknown,6803098,5,9,341,522,341,522
JANA UTAMA,https://sinta.kemdiktisaintek.go.id/authors/profile/6003866,Teknik Elektro (S1),6003866,4,9,336,772,336,772
MUHAMMAD ARIA RAJASA,https://sinta.kemdiktisaintek.go.id/authors/profile/258935,Teknik Elektro (S1),258935,6,12,333,1.110,333,1.110
SRI SUPATMI,https://sinta.kemdiktisaintek.go.id/authors/profile/6005094,Sistem Informasi (S2),6005094,6,10,332,1.178,332,1.178
WAHYUDI,https://sinta.kemdiktisaintek.go.id/authors/profile/6665452,Ilmu Hukum (S1),6665452,0,5,326,676,326,676
ANDRI SAHATA SITANGGANG,https://sinta.kemdiktisaintek.go.id/authors/profile/258716,Sistem Informasi (S1),258716,5,13,304,1.353,304,1.353
SUFA ATIN,https://sinta.kemdiktisaintek.go.id/authors/profile/258768,Teknik Informatika (S1),258768,5,14,301,1.350,301,1.350
TARYANA SURYANA,https://sinta.kemdiktisaintek.go.id/authors/profile/258260,Ilmu Komunikasi (S1),258260,1,14,292,1.583,292,1.583
DIANA EFFENDI,https://sinta.kemdiktisaintek.go.id/authors/profile/258596,Manajemen Informatika (D3),258596,3,9,288,811,288,811
RIO YUNANTO,https://sinta.kemdiktisaintek.go.id/authors/profile/258648,Komputerisasi Akuntansi (D3),258648,3,7,268,705,268,705
YEFFRY HANDOKO PUTRA,https://sinta.kemdiktisaintek.go.id/authors/profile/259067,Sistem Informasi (S2),259067,4,10,260,1.120,260,1.120
ELY SUHAYATI,https://sinta.kemdiktisaintek.go.id/authors/profile/258554,Akuntansi (S1),258554,1,11,254,883,254,883
TATIK ROHMAWATI,https://sinta.kemdiktisaintek.go.id/authors/profile/258739,Ilmu Pemerintahan (S1),258739,1,8,253,700,253,700
DINA OKTAFIANI,https://sinta.kemdiktisaintek.go.id/authors/profile/6803105,Unknown,6803105,2,2,238,488,238,488
RANI PUSPITA DHANIAWATY,https://sinta.kemdiktisaintek.go.id/authors/profile/258697,Sistem Informasi (S1),258697,2,9,230,783,230,783
HENNY,https://sinta.kemdiktisaintek.go.id/authors/profile/5999373,Teknik Industri (S1),5999373,4,8,229,692,229,692
HANHAN MAULANA,https://sinta.kemdiktisaintek.go.id/authors/profile/6003865,Teknik Informatika (S1),6003865,4,12,220,698,220,698
SRI NURHAYATI,https://sinta.kemdiktisaintek.go.id/authors/profile/258871,Sistem Komputer (S1),258871,3,10,217,797,217,797
DEWI KURNIASIH,https://sinta.kemdiktisaintek.go.id/authors/profile/259139,Ilmu Pemerintahan (S1),259139,2,12,216,986,216,986
WATI ARIS ASTUTI,https://sinta.kemdiktisaintek.go.id/authors/profile/258586,Akuntansi (S1),258586,1,9,216,764,216,764
EKO BUDI SETIAWAN,https://sinta.kemdiktisaintek.go.id/authors/profile/6003867,Teknik Informatika (S1),6003867,3,21,215,1.489,215,1.489
AGUS NURSIKUWAGUS,https://sinta.kemdiktisaintek.go.id/authors/profile/258601,Manajemen Informatika (D3),258601,3,9,212,974,212,974
OLIH SOLIHIN,https://sinta.kemdiktisaintek.go.id/authors/profile/6005128,Ilmu Komunikasi (S1),6005128,1,11,210,769,210,769
RAHMA WAHDINIWATY,https://sinta.kemdiktisaintek.go.id/authors/profile/5987192,Manajemen (S2),5987192,2,15,209,905,209,905
AYUB SUBANDI,https://sinta.kemdiktisaintek.go.id/authors/profile/258875,Teknik Elektro (S1),258875,3,5,209,375,209,375
SAHAT MARULI TUA SITUMEANG,https://sinta.kemdiktisaintek.go.id/authors/profile/259618,Ilmu Hukum (S1),259618,1,14,207,822,207,822
HERMAN SURDIATNO SOEGOTO,https://sinta.kemdiktisaintek.go.id/authors/profile/5979611,Ilmu Manajemen (S3),5979611,5,10,202,553,202,553
Y. DJOKO SETIYARTO,https://sinta.kemdiktisaintek.go.id/authors/profile/6666078,Teknik Sipil (S1),6666078,1,6,201,461,201,461
SYAHRUL MAULUDDIN,https://sinta.kemdiktisaintek.go.id/authors/profile/258616,Manajemen Informatika (D3),258616,4,9,199,1.237,199,1.237
DEDI SULISTYO SOEGOTO,https://sinta.kemdiktisaintek.go.id/authors/profile/258195,Manajemen (S2),258195,4,11,196,802,196,802
SONI MULYAWAN SETIANA,https://sinta.kemdiktisaintek.go.id/authors/profile/258299,Sastra Jepang (S1),258299,2,9,193,786,193,786
IRFAN MALIKI,https://sinta.kemdiktisaintek.go.id/authors/profile/258853,Teknik Informatika (S1),258853,3,5,191,733,191,733
DEDEN A WAHAB,https://sinta.kemdiktisaintek.go.id/authors/profile/259249,Manajemen (S2),259249,2,9,189,864,189,864
ANGGA SETIYADI,https://sinta.kemdiktisaintek.go.id/authors/profile/258737,Teknik Informatika (S1),258737,3,14,189,957,189,957
YULLY AMBARSIH EKAWARDHANI,https://sinta.kemdiktisaintek.go.id/authors/profile/258688,Desain (S2),258688,1,3,185,735,185,735
MYRNA DWI RAHMATYA,https://sinta.kemdiktisaintek.go.id/authors/profile/258673,Manajemen Informatika (D3),258673,3,9,180,722,180,722
ISNIAR BUDIARTI,https://sinta.kemdiktisaintek.go.id/authors/profile/5977885,Ilmu Manajemen (S3),5977885,1,14,172,843,172,843
HETTY HASSANAH,https://sinta.kemdiktisaintek.go.id/authors/profile/6002971,Ilmu Hukum (S1),6002971,1,7,168,416,168,416
MUHAMMAD RAYHAN BUSTAM,https://sinta.kemdiktisaintek.go.id/authors/profile/6066614,Sastra Inggris (S1),6066614,1,12,166,500,166,500
LEONARDI PARIS HASUGIAN,https://sinta.kemdiktisaintek.go.id/authors/profile/258695,Sistem Informasi (S1),258695,4,8,165,914,165,914
ADEH RATNA KOMALA,https://sinta.kemdiktisaintek.go.id/authors/profile/258605,Akuntansi (D3),258605,2,8,164,662,164,662
MOCHAMAD FAJAR WICAKSONO,https://sinta.kemdiktisaintek.go.id/authors/profile/258729,Teknik Komputer (D3),258729,2,12,163,982,163,982
IMELDA,https://sinta.kemdiktisaintek.go.id/authors/profile/5996634,Manajemen Informatika (D3),5996634,3,5,162,567,162,567
ANDRIAS DARMAYADI,https://sinta.kemdiktisaintek.go.id/authors/profile/6034983,Ilmu Hubungan Internasional (S1),6034983,2,3,161,539,161,539
ADI RACHMANTO,https://sinta.kemdiktisaintek.go.id/authors/profile/258583,Akuntansi (D3),258583,1,6,159,445,159,445
ALAM SANTOSA,https://sinta.kemdiktisaintek.go.id/authors/profile/6004118,Teknik Industri (S1),6004118,2,6,158,449,158,449
SOPIAN ALVIANA,https://sinta.kemdiktisaintek.go.id/authors/profile/6675491,Teknik Informatika (S1),6675491,3,6,153,659,153,659
SELFA SEPTIANI AULIA,https://sinta.kemdiktisaintek.go.id/authors/profile/6668527,Teknik Perencanaan Wilayah Dan Kota (S1),6668527,1,4,149,314,149,314
MUHAMMAD IFFAN,https://sinta.kemdiktisaintek.go.id/authors/profile/258567,Manajemen Pemasaran (D3),258567,2,8,147,905,147,905
RAENI DWI SANTY,https://sinta.kemdiktisaintek.go.id/authors/profile/258564,Manajemen (S2),258564,1,7,146,972,146,972
I MADE ARYANTHA A,https://sinta.kemdiktisaintek.go.id/authors/profile/6003816,Teknik Industri (S1),6003816,1,6,146,335,146,335
BELLA HARDIYANA,https://sinta.kemdiktisaintek.go.id/authors/profile/6724790,Sistem Informasi (S1),6724790,2,10,144,531,144,531
DIAN DHARMAYANTI,https://sinta.kemdiktisaintek.go.id/authors/profile/258821,Teknik Informatika (S1),258821,3,7,143,797,143,797
RANGGA SIDIK,https://sinta.kemdiktisaintek.go.id/authors/profile/258690,Sistem Informasi (S1),258690,2,8,143,914,143,914
MIA FITRIAWATI,https://sinta.kemdiktisaintek.go.id/authors/profile/258666,Sistem Informasi (S1),258666,2,10,142,507,142,507
NOVRINI HASTI,https://sinta.kemdiktisaintek.go.id/authors/profile/258668,Sistem Informasi (S1),258668,4,10,141,773,141,773
DONY WALUYA FIRDAUS,https://sinta.kemdiktisaintek.go.id/authors/profile/258631,Komputerisasi Akuntansi (D3),258631,3,9,141,551,141,551
AGUS RIYANTO,https://sinta.kemdiktisaintek.go.id/authors/profile/259128,Manajemen (S1),259128,5,9,140,747,140,747
EDI FIRDAUS,https://sinta.kemdiktisaintek.go.id/authors/profile/6666525,Manajemen (S1),6666525,0,0,140,177,140,177
"BUDI HERDIANA, ST,MT",https://sinta.kemdiktisaintek.go.id/authors/profile/5973299,Unknown,5973299,3,6,139,515,139,515
LUSI MELIAN,https://sinta.kemdiktisaintek.go.id/authors/profile/258694,Sistem Informasi (S1),258694,3,5,139,534,139,534
RICHI DWI AGUSTIA,https://sinta.kemdiktisaintek.go.id/authors/profile/258671,Teknik Informatika (S1),258671,1,7,138,593,138,593
KANIA EVITA DEWI,https://sinta.kemdiktisaintek.go.id/authors/profile/258639,Teknik Informatika (S1),258639,2,8,136,665,136,665
RETNO PURWANI SARI,https://sinta.kemdiktisaintek.go.id/authors/profile/258190,Sastra Inggris (S1),258190,0,6,136,382,136,382
NIA KARNIAWATI,https://sinta.kemdiktisaintek.go.id/authors/profile/259065,Ilmu Pemerintahan (S1),259065,0,8,135,380,135,380
ADAM MUKHARIL BACHTIAR,https://sinta.kemdiktisaintek.go.id/authors/profile/258851,Teknik Informatika (S1),258851,3,13,133,930,133,930
MOHAMMAD ALI,https://sinta.kemdiktisaintek.go.id/authors/profile/6761166,Sastra Jepang (S1),6761166,0,4,130,397,130,397
DEWI TRIWAHYUNI,https://sinta.kemdiktisaintek.go.id/authors/profile/6004750,Ilmu Hubungan Internasional (S1),6004750,1,5,129,605,129,605
MANAP SOLIHAT,https://sinta.kemdiktisaintek.go.id/authors/profile/259309,Unknown,259309,0,7,129,951,129,951
R FENNY SYAFARIANI,https://sinta.kemdiktisaintek.go.id/authors/profile/258626,Ilmu Komunikasi (S1),258626,2,7,127,515,127,515
NIZAR RABBI RADLIYA,https://sinta.kemdiktisaintek.go.id/authors/profile/258724,Sistem Informasi (S1),258724,2,7,126,643,126,643
TATAN TAWAMI,https://sinta.kemdiktisaintek.go.id/authors/profile/258188,Sastra Inggris (S1),258188,2,7,125,518,125,518
WINDI NOVIANTI,https://sinta.kemdiktisaintek.go.id/authors/profile/258557,Manajemen (S1),258557,2,6,120,1.057,120,1.057
SURTIKANTI,https://sinta.kemdiktisaintek.go.id/authors/profile/5977822,Akuntansi (S1),5977822,0,5,120,548,120,548
MUHAMMAD RAJAB FACHRIZAL,https://sinta.kemdiktisaintek.go.id/authors/profile/258727,Sistem Informasi (S1),258727,3,9,116,585,116,585
JULIAN ROBECCA,https://sinta.kemdiktisaintek.go.id/authors/profile/6003814,Teknik Industri (S1),6003814,1,6,115,370,115,370
JULIAN CHANDRA WIBAWA,https://sinta.kemdiktisaintek.go.id/authors/profile/258661,Sistem Informasi (S1),258661,2,11,114,739,114,739
GABRIEL SIANTURI,https://sinta.kemdiktisaintek.go.id/authors/profile/6003989,Teknik Industri (S1),6003989,2,5,113,567,113,567
DHINI DEWIYANTI,https://sinta.kemdiktisaintek.go.id/authors/profile/5998751,Teknik Arsitektur (S1),5998751,2,9,112,483,112,483
WENDI ZARMAN,https://sinta.kemdiktisaintek.go.id/authors/profile/258905,Sistem Komputer (S1),258905,1,10,110,477,110,477
HERRY SAPUTRA,https://sinta.kemdiktisaintek.go.id/authors/profile/6803109,Unknown,6803109,1,2,109,168,109,168
LINNA ISMAWATI,https://sinta.kemdiktisaintek.go.id/authors/profile/258562,Manajemen (S1),258562,1,8,108,974,108,974
HIDAYAT,https://sinta.kemdiktisaintek.go.id/authors/profile/5999088,Teknik Komputer (D3),5999088,3,6,108,670,108,670
AGUS MULYANA,https://sinta.kemdiktisaintek.go.id/authors/profile/258880,Teknik Komputer (D3),258880,4,7,107,522,107,522
HANI IRMAYANTI,https://sinta.kemdiktisaintek.go.id/authors/profile/6660741,Teknik Komputer (D3),6660741,2,0,107,536,107,536
NELLY INDRIANI WIDIASTUTI,https://sinta.kemdiktisaintek.go.id/authors/profile/258656,Teknik Informatika (S1),258656,3,10,105,823,105,823
ALIF FINANDHITA,https://sinta.kemdiktisaintek.go.id/authors/profile/6104317,Teknik Informatika (S1),6104317,4,10,105,568,105,568
IYAN ANDRIANA,https://sinta.kemdiktisaintek.go.id/authors/profile/6004157,Teknik Industri (S1),6004157,2,5,103,325,103,325
DEDI MULYASANA,https://sinta.kemdiktisaintek.go.id/authors/profile/6742727,Unknown,6742727,1,7,102,1.102,102,1.102
LITA WULANTIKA,https://sinta.kemdiktisaintek.go.id/authors/profile/5983224,Unknown,5983224,3,4,102,748,102,748
FERRY STEPHANUS SUWITA,https://sinta.kemdiktisaintek.go.id/authors/profile/6709884,Sistem Informasi (S1),6709884,1,2,99,290,99,290
RINI MAULINA,https://sinta.kemdiktisaintek.go.id/authors/profile/6006052,Desain (S2),6006052,1,5,99,604,99,604
FEBRY MAHARLIKA,https://sinta.kemdiktisaintek.go.id/authors/profile/258339,Desain Interior (S1),258339,1,5,97,488,97,488
NUNGKI HERIYATI,https://sinta.kemdiktisaintek.go.id/authors/profile/6036313,Sastra Inggris (S1),6036313,0,6,96,302,96,302
ARJUNA RIZALDI,https://sinta.kemdiktisaintek.go.id/authors/profile/5997124,Manajemen Pemasaran (D3),5997124,1,11,96,730,96,730
TIARA ISFIATY,https://sinta.kemdiktisaintek.go.id/authors/profile/258876,Desain (S2),258876,0,2,95,352,95,352
ONY WIDILESTARININGTYAS,https://sinta.kemdiktisaintek.go.id/authors/profile/258610,Akuntansi (D3),258610,0,5,93,489,93,489
SUGENG,https://sinta.kemdiktisaintek.go.id/authors/profile/6731875,Unknown,6731875,0,5,92,236,92,236
HERY DWI YULIANTO,https://sinta.kemdiktisaintek.go.id/authors/profile/258633,Komputerisasi Akuntansi (D3),258633,2,7,92,405,92,405
TATI HARIHAYATI MARDZUKI,https://sinta.kemdiktisaintek.go.id/authors/profile/258733,Teknik Informatika (S1),258733,2,8,91,532,91,532
EDNAWATI RAINARLI,https://sinta.kemdiktisaintek.go.id/authors/profile/5990417,Unknown,5990417,3,7,91,415,91,415
FEBILITA WULAN SARI,https://sinta.kemdiktisaintek.go.id/authors/profile/5973640,Ilmu Hukum (S1),5973640,0,4,91,222,91,222
RODI HARTONO,https://sinta.kemdiktisaintek.go.id/authors/profile/258945,Teknik Elektro (S1),258945,3,8,89,320,89,320
TRUSTORINI HANDAYANI,https://sinta.kemdiktisaintek.go.id/authors/profile/258560,Manajemen (S1),258560,2,2,89,519,89,519
MIA RAHMAWATI YUWITA,https://sinta.kemdiktisaintek.go.id/authors/profile/6770620,Sastra Inggris (S1),6770620,0,1,84,127,84,127
SITI KURNIA RAHAYU,https://sinta.kemdiktisaintek.go.id/authors/profile/258591,Akuntansi (S1),258591,1,10,84,913,84,913
TINE AGUSTIN WULANDARI,https://sinta.kemdiktisaintek.go.id/authors/profile/6006837,Ilmu Komunikasi (S1),6006837,1,6,84,819,84,819
TATANG SUPRIYADI,https://sinta.kemdiktisaintek.go.id/authors/profile/6953188,Manajemen Pemasaran (D3),6953188,0,1,84,98,84,98
SYAHRUL,https://sinta.kemdiktisaintek.go.id/authors/profile/5987238,Sistem Komputer (S1),5987238,2,5,83,458,83,458
ANGGA FRIYANTO,https://sinta.kemdiktisaintek.go.id/authors/profile/6725600,Sistem Informasi (S1),6725600,2,3,82,371,82,371
CHRISMIKHA HARDYANTO,https://sinta.kemdiktisaintek.go.id/authors/profile/6719603,Teknik Informatika (S1),6719603,0,5,81,210,81,210
ASIH PRIHANDINI,https://sinta.kemdiktisaintek.go.id/authors/profile/6004064,Sastra Inggris (S1),6004064,0,7,81,256,81,256
MELLY MAULIN PURWANINGWULAN,https://sinta.kemdiktisaintek.go.id/authors/profile/6035744,Ilmu Komunikasi (S1),6035744,3,7,80,1.143,80,1.143
RAUF FAUZAN,https://sinta.kemdiktisaintek.go.id/authors/profile/258660,Sistem Informasi (S1),258660,2,8,79,597,79,597
DEDENG HIRAWAN,https://sinta.kemdiktisaintek.go.id/authors/profile/5991988,Teknik Informatika (S1),5991988,2,5,79,519,79,519
FENNY FEBRIANTY,https://sinta.kemdiktisaintek.go.id/authors/profile/5999315,Sastra Jepang (S1),5999315,1,5,79,449,79,449
RANI SUSANTO,https://sinta.kemdiktisaintek.go.id/authors/profile/258732,Teknik Informatika (S1),258732,3,7,78,988,78,988
ANGKY FEBRIANSYAH,https://sinta.kemdiktisaintek.go.id/authors/profile/258590,Manajemen (S1),258590,1,7,77,422,77,422
ANISA ARIANINGSIH,https://sinta.kemdiktisaintek.go.id/authors/profile/5999508,Sastra Jepang (S1),5999508,0,5,77,259,77,259
DESAYU EKA SURYA,https://sinta.kemdiktisaintek.go.id/authors/profile/259201,Ilmu Komunikasi (S1),259201,1,4,76,780,76,780
MUSA DARWIN PANE,https://sinta.kemdiktisaintek.go.id/authors/profile/259621,Ilmu Hukum (S1),259621,1,8,76,369,76,369
JUANDA,https://sinta.kemdiktisaintek.go.id/authors/profile/6004121,Sastra Inggris (S1),6004121,4,4,75,386,75,386
IRMA ROCHMAWATI,https://sinta.kemdiktisaintek.go.id/authors/profile/6035959,Desain Grafis (D3),6035959,0,5,73,495,73,495
DONNY REZA,https://sinta.kemdiktisaintek.go.id/authors/profile/6006784,Teknik Informatika (S1),6006784,1,1,72,73,72,73
APRIANI PUTI PURFINI,https://sinta.kemdiktisaintek.go.id/authors/profile/5999124,Komputerisasi Akuntansi (D3),5999124,1,3,70,573,70,573
YAYAH SUTISNAWATI,https://sinta.kemdiktisaintek.go.id/authors/profile/6800294,Manajemen (S1),6800294,1,6,69,242,69,242
JOHN ADLER,https://sinta.kemdiktisaintek.go.id/authors/profile/258346,Teknik Komputer (D3),258346,2,7,69,450,69,450
ARIF TRY CAHYADI,https://sinta.kemdiktisaintek.go.id/authors/profile/6200325,Desain Komunikasi Visual (S1),6200325,1,3,68,231,68,231
ANNA DARA ANDRIANA,https://sinta.kemdiktisaintek.go.id/authors/profile/258891,Teknik Informatika (S1),258891,1,7,68,566,68,566
FAKHRIAN FADLIA ADIWIJAYA,https://sinta.kemdiktisaintek.go.id/authors/profile/6721333,Teknik Informatika (S1),6721333,0,4,67,290,67,290
KANKAN KASMANA,https://sinta.kemdiktisaintek.go.id/authors/profile/6006605,Desain (S2),6006605,1,6,67,634,67,634
TATIK FIDOWATY,https://sinta.kemdiktisaintek.go.id/authors/profile/6098702,Ilmu Pemerintahan (S1),6098702,0,5,64,310,64,310
IVAN KURNIAWAN,https://sinta.kemdiktisaintek.go.id/authors/profile/258675,Desain Grafis (D3),258675,0,0,63,675,63,675
RIANI LUBIS,https://sinta.kemdiktisaintek.go.id/authors/profile/258776,Teknik Informatika (S1),258776,1,5,63,620,63,620
TRI WIDIANTI NATALIA,https://sinta.kemdiktisaintek.go.id/authors/profile/258619,Teknik Arsitektur (S1),258619,1,6,63,355,63,355
ERNA SUSILAWATI,https://sinta.kemdiktisaintek.go.id/authors/profile/6005084,Manajemen (S1),6005084,2,4,63,421,63,421
SATRIA INDRA PRAJA PERSADA,https://sinta.kemdiktisaintek.go.id/authors/profile/258700,Desain Interior (S1),258700,0,3,62,305,62,305
MARI MARYATI,https://sinta.kemdiktisaintek.go.id/authors/profile/6776496,Manajemen (S1),6776496,1,3,61,145,61,145
RIZKI ZULFIKAR,https://sinta.kemdiktisaintek.go.id/authors/profile/258566,Manajemen (S1),258566,0,3,60,783,60,783
GERALDI CATUR PAMUJI,https://sinta.kemdiktisaintek.go.id/authors/profile/6656635,Sistem Informasi (S2),6656635,3,4,60,191,60,191
IRWAN TARMAWAN,https://sinta.kemdiktisaintek.go.id/authors/profile/258701,Desain Komunikasi Visual (S1),258701,1,4,57,571,57,571
YASUNDARI,https://sinta.kemdiktisaintek.go.id/authors/profile/6803414,Ilmu Komunikasi (S1),6803414,0,4,57,64,57,64
DENI ALBAR,https://sinta.kemdiktisaintek.go.id/authors/profile/258730,Desain Komunikasi Visual (S1),258730,0,4,56,698,56,698
IRFAN DWIGUNA SUMITRA,https://sinta.kemdiktisaintek.go.id/authors/profile/5999480,Sistem Informasi (S2),5999480,4,7,55,1.274,55,1.274
SALMON PRIAJI MARTANA,https://sinta.kemdiktisaintek.go.id/authors/profile/6008206,Teknik Arsitektur (S1),6008206,1,4,54,472,54,472
INTA BUDI SETYA NUSA,https://sinta.kemdiktisaintek.go.id/authors/profile/258632,Akuntansi (S1),258632,1,4,54,490,54,490
WARTIKA,https://sinta.kemdiktisaintek.go.id/authors/profile/6132614,Sistem Informasi (S1),6132614,2,5,54,336,54,336
RIZKY JUMANSYAH,https://sinta.kemdiktisaintek.go.id/authors/profile/6803107,Unknown,6803107,1,1,52,87,52,87
ROMEIZA SYAFRIHARTI,https://sinta.kemdiktisaintek.go.id/authors/profile/5998989,Teknik Perencanaan Wilayah Dan Kota (S1),5998989,3,0,52,381,52,381
WANTORO,https://sinta.kemdiktisaintek.go.id/authors/profile/258677,Desain Grafis (D3),258677,0,5,51,640,51,640
HENIKE PRIMAWANTI,https://sinta.kemdiktisaintek.go.id/authors/profile/6703644,Ilmu Hubungan Internasional (S1),6703644,0,5,51,131,51,131
ADITYO BASKORO HARDOYO,https://sinta.kemdiktisaintek.go.id/authors/profile/6728702,Desain Grafis (D3),6728702,1,3,49,147,49,147
PITRI HARYANTI,https://sinta.kemdiktisaintek.go.id/authors/profile/258669,Sastra Jepang (S1),258669,0,5,49,230,49,230
INGGAR PRAYOGA,https://sinta.kemdiktisaintek.go.id/authors/profile/6005603,Ilmu Komunikasi (S1),6005603,2,4,49,677,49,677
RYANTY DERWENTYANA NAZHAR,https://sinta.kemdiktisaintek.go.id/authors/profile/258788,Desain Interior (S1),258788,1,5,48,371,48,371
DINA FATIMAH,https://sinta.kemdiktisaintek.go.id/authors/profile/258607,Desain Interior (S1),258607,2,3,48,506,48,506
SELVIA LORENA BR GINTING,https://sinta.kemdiktisaintek.go.id/authors/profile/258870,Sistem Komputer (S1),258870,2,9,47,533,47,533
SUSMINI INDRIANI L,https://sinta.kemdiktisaintek.go.id/authors/profile/258895,Teknik Komputer (D3),258895,2,9,47,442,47,442
NOVA CHANDRA ADITYA,https://sinta.kemdiktisaintek.go.id/authors/profile/6762594,Teknik Arsitektur (S1),6762594,0,2,46,183,46,183
BAMBANG SISWOYO,https://sinta.kemdiktisaintek.go.id/authors/profile/6926655,Teknik Informatika (S1),6926655,2,6,45,153,45,153
TONO HARTONO,https://sinta.kemdiktisaintek.go.id/authors/profile/258726,Sistem Informasi (S1),258726,2,6,45,405,45,405
GALIH HERMAWAN,https://sinta.kemdiktisaintek.go.id/authors/profile/258217,Teknik Informatika (S1),258217,3,7,44,258,44,258
TAUFIQ NUZWIR NIZAR,https://sinta.kemdiktisaintek.go.id/authors/profile/258948,Sistem Komputer (S1),258948,2,5,44,283,44,283
TAUFAN HIDAYATULLAH,https://sinta.kemdiktisaintek.go.id/authors/profile/258820,Desain (S2),258820,1,3,44,457,44,457
DIANA ANDRIANI,https://sinta.kemdiktisaintek.go.id/authors/profile/6003825,Teknik Industri (S1),6003825,5,5,43,582,43,582
VITTA PRATIWI,https://sinta.kemdiktisaintek.go.id/authors/profile/6005450,Teknik Sipil (S1),6005450,1,2,43,249,43,249
CHERRY DHARMAWAN,https://sinta.kemdiktisaintek.go.id/authors/profile/5981885,Desain Interior (S1),5981885,1,4,42,825,42,825
ANDRI HERYANDI,https://sinta.kemdiktisaintek.go.id/authors/profile/258867,Teknik Informatika (S1),258867,2,10,42,623,42,623
CITRA NOVIYASARI,https://sinta.kemdiktisaintek.go.id/authors/profile/5983808,Sistem Informasi (S1),5983808,0,3,41,177,41,177
SYLVIA OCTA PUTRI,https://sinta.kemdiktisaintek.go.id/authors/profile/258812,Ilmu Hubungan Internasional (S1),258812,1,3,39,355,39,355
GENTISYA TRI MARDIANI,https://sinta.kemdiktisaintek.go.id/authors/profile/258860,Teknik Informatika (S1),258860,1,4,38,467,38,467
UTAMI DEWI WIDIANTI,https://sinta.kemdiktisaintek.go.id/authors/profile/258735,Teknik Informatika (S1),258735,2,7,38,551,38,551
WANITA SUBADRA ABIOSO,https://sinta.kemdiktisaintek.go.id/authors/profile/258659,Unknown,258659,2,6,36,396,36,396
ANDI HARAPAN,https://sinta.kemdiktisaintek.go.id/authors/profile/6004967,Teknik Arsitektur (S1),6004967,1,5,36,297,36,297
DIDIT ANDRI JATMIKO,https://sinta.kemdiktisaintek.go.id/authors/profile/6681765,Teknik Informatika (S1),6681765,2,3,36,464,36,464
HADI PURNOMO,https://sinta.kemdiktisaintek.go.id/authors/profile/6803421,Manajemen (S1),6803421,2,3,36,106,36,106
MUHAMMAD SYAHRIL ISKANDAR,https://sinta.kemdiktisaintek.go.id/authors/profile/6037936,Desain Komunikasi Visual (S1),6037936,2,3,35,463,35,463
ISKANDAR IKBAL,https://sinta.kemdiktisaintek.go.id/authors/profile/259132,Teknik Informatika (S1),259132,1,5,34,521,34,521
YUSRILA YEKA KERLOOZA,https://sinta.kemdiktisaintek.go.id/authors/profile/5987175,Sistem Informasi (S2),5987175,1,4,34,515,34,515
ADIYANA SLAMET,https://sinta.kemdiktisaintek.go.id/authors/profile/6006229,Ilmu Komunikasi (S1),6006229,0,4,33,664,33,664
AHMAD NURZAENI FAUZI,https://sinta.kemdiktisaintek.go.id/authors/profile/6788605,Desain Grafis (D3),6788605,0,1,33,63,33,63
RISMAWATY,https://sinta.kemdiktisaintek.go.id/authors/profile/259267,Ilmu Komunikasi (S1),259267,0,1,33,715,33,715
RINO ADIBOWO,https://sinta.kemdiktisaintek.go.id/authors/profile/6035483,Ilmu Pemerintahan (S1),6035483,0,0,33,403,33,403
SUTONO,https://sinta.kemdiktisaintek.go.id/authors/profile/258558,Sistem Komputer (S1),258558,1,0,31,418,31,418
AELINA SURYA,https://sinta.kemdiktisaintek.go.id/authors/profile/6711698,Ilmu Hubungan Internasional (S1),6711698,0,1,30,61,30,61
YASMI AFRIZAL,https://sinta.kemdiktisaintek.go.id/authors/profile/6005290,Sistem Informasi (S1),6005290,1,3,30,216,30,216
MERLINA FATIMAH NASRUDDIN,https://sinta.kemdiktisaintek.go.id/authors/profile/6183101,Desain Komunikasi Visual (S1),6183101,0,2,27,66,27,66
IYAN GUSTIANA,https://sinta.kemdiktisaintek.go.id/authors/profile/5986858,Sistem Informasi (S1),5986858,2,5,23,348,23,348
USEP MOHAMAD ISHAQ,https://sinta.kemdiktisaintek.go.id/authors/profile/6006007,Sistem Komputer (S1),6006007,1,4,23,322,23,322
MOHAMAD DONIE AULIA,https://sinta.kemdiktisaintek.go.id/authors/profile/5998802,Teknik Sipil (S1),5998802,0,7,21,231,21,231
AYU PRATIWI ULFAH,https://sinta.kemdiktisaintek.go.id/authors/profile/6783889,Sistem Informasi (S1),6783889,0,0,20,23,20,23
BUDI MULYANA,https://sinta.kemdiktisaintek.go.id/authors/profile/6006635,Ilmu Hubungan Internasional (S1),6006635,0,2,20,107,20,107
YUNI DAHLIA YOSEPHA MOGOT,https://sinta.kemdiktisaintek.go.id/authors/profile/6738681,Ilmu Komunikasi (S1),6738681,0,2,20,50,20,50
NINA KURNIA HIKMAWATI,https://sinta.kemdiktisaintek.go.id/authors/profile/6803417,Sistem Informasi (S1),6803417,3,5,18,151,18,151
SURYATNO W SOEGOTO,https://sinta.kemdiktisaintek.go.id/authors/profile/6804795,Unknown,6804795,0,0,15,32,15,32
TRI RAHAJOENINGROEM,https://sinta.kemdiktisaintek.go.id/authors/profile/259224,Teknik Elektro (S1),259224,1,9,11,212,11,212
THERESIA VALENTINA LUMBAN GAOL,https://sinta.kemdiktisaintek.go.id/authors/profile/6802923,Unknown,6802923,2,4,10,203,10,203
GERALDI CATUR PAMUJI,https://sinta.kemdiktisaintek.go.id/authors/profile/6918009,Unknown,6918009,0,4,10,28,10,28
YUDISTIRA SOEGOTO,https://sinta.kemdiktisaintek.go.id/authors/profile/6802984,Sistem Informasi (S1),6802984,0,2,9,13,9,13
SAFUTRA RANTONA,https://sinta.kemdiktisaintek.go.id/authors/profile/6711079,Ilmu Komunikasi (S1),6711079,0,0,8,34,8,34
RIA FATHYA LUQMAN,https://sinta.kemdiktisaintek.go.id/authors/profile/6860170,Desain Komunikasi Visual (S1),6860170,0,1,6,17,6,17
NILUH AYU ANGGASWARI,https://sinta.kemdiktisaintek.go.id/authors/profile/6908316,Ilmu Komunikasi (S1),6908316,0,2,6,6,6,6
FALDERIKA,https://sinta.kemdiktisaintek.go.id/authors/profile/6748057,Teknik Sipil (S1),6748057,0,0,2,35,2,35
AHADIAT JOEDAWINATA,https://sinta.kemdiktisaintek.go.id/authors/profile/6048481,Desain (S2),6048481,0,3,2,26,2,26
WIM TOHARI DANIEALDI,https://sinta.kemdiktisaintek.go.id/authors/profile/6803507,Ilmu Hubungan Internasional (S1),6803507,0,1,2,11,2,11
GANJAR MIFTAHUDDIN,https://sinta.kemdiktisaintek.go.id/authors/profile/6860169,Desain Komunikasi Visual (S1),6860169,0,1,2,3,2,3
PRITHA FITRIA NATASHA BEKTI,https://sinta.kemdiktisaintek.go.id/authors/profile/6962506,Desain Komunikasi Visual (S1),6962506,0,1,1,2,1,2
ARIES SETIAWAN SATRIO NUGROHO,https://sinta.kemdiktisaintek.go.id/authors/profile/6988065,Desain Komunikasi Visual (S1),6988065,0,0,1,1,1,1
DHIKA MEGA PRATAMA,https://sinta.kemdiktisaintek.go.id/authors/profile/6987575,Desain Komunikasi Visual (S1),6987575,0,0,1,3,1,3
ANTO PURWANTO,https://sinta.kemdiktisaintek.go.id/authors/profile/6685177,Unknown,6685177,0,1,0,6,0,6
LIA YULIANTI,https://sinta.kemdiktisaintek.go.id/authors/profile/6736482,Keuangan Dan Perbankan (D3),6736482,0,0,0,1,0,1
ERICK WIJAYA,https://sinta.kemdiktisaintek.go.id/authors/profile/258862,Unknown,258862,0,0,0,3,0,3
SANGRA JULIANO PRAKASA,https://sinta.kemdiktisaintek.go.id/authors/profile/259202,Ilmu Komunikasi (S1),259202,0,0,0,26,0,26
MAMAN KUSMAN,https://sinta.kemdiktisaintek.go.id/authors/profile/6029164,Unknown,6029164,0,4,0,35,0,35
NANG PRIMADI TABRANI,https://sinta.kemdiktisaintek.go.id/authors/profile/6048459,Unknown,6048459,0,11,0,133,0,133
RISKA SRI RAHMAWATI,https://sinta.kemdiktisaintek.go.id/authors/profile/5978448,Unknown,5978448,0,0,0,3,0,3
KANI MAHARDIKA,https://sinta.kemdiktisaintek.go.id/authors/profile/6084709,Teknik Perencanaan Wilayah Dan Kota (S1),6084709,0,2,0,59,0,59
KEN KINANTI PURNAMASARI,https://sinta.kemdiktisaintek.go.id/authors/profile/5990453,Teknik Informatika (S1),5990453,1,0,0,100,0,100
DEASY PERMATASARI,https://sinta.kemdiktisaintek.go.id/authors/profile/5999425,Manajemen Informatika (D3),5999425,0,4,0,121,0,121
LINDA MEGA SILVIANA,https://sinta.kemdiktisaintek.go.id/authors/profile/6746292,Desain Komunikasi Visual (S1),6746292,0,0,0,3,0,3
ANNISA SUCI RAMADANI,https://sinta.kemdiktisaintek.go.id/authors/profile/6756099,Unknown,6756099,0,0,0,1,0,1
RANGGA GELAR GUNTARA,https://sinta.kemdiktisaintek.go.id/authors/profile/6005253,Unknown,6005253,2,0,0,75,0,75
RIFIATI SAFARIAH,https://sinta.kemdiktisaintek.go.id/authors/profile/6006916,Teknik Perencanaan Wilayah Dan Kota (S1),6006916,1,1,0,55,0,55
DEDDY KURNIAWAN,https://sinta.kemdiktisaintek.go.id/authors/profile/6035415,Unknown,6035415,0,1,0,4,0,4
ACHMAD DEPTIAN DJENUARI RIZKY,https://sinta.kemdiktisaintek.go.id/authors/profile/6987572,Desain Komunikasi Visual (S1),6987572,0,2,0,14,0,14
SUBARNA,https://sinta.kemdiktisaintek.go.id/authors/profile/6048499,Desain (S2),6048499,0,1,0,6,0,6
HADI KUSUMAH,https://sinta.kemdiktisaintek.go.id/authors/profile/6716068,Unknown,6716068,0,0,0,0,0,0
NENDEN RIKMA DEWI,https://sinta.kemdiktisaintek.go.id/authors/profile/6004137,Unknown,6004137,0,1,0,21,0,21
RIZALUL KALAM,https://sinta.kemdiktisaintek.go.id/authors/profile/6763305,Unknown,6763305,0,1,0,5,0,5
TATANG SUHERI,https://sinta.kemdiktisaintek.go.id/authors/profile/6005040,Teknik Perencanaan Wilayah Dan Kota (S1),6005040,1,0,0,159,0,159
UTAMI DEWI WIDIANTI,https://sinta.kemdiktisaintek.go.id/authors/profile/6005151,Unknown,6005151,2,7,0,147,0,147
ARINITA SANDRIA,https://sinta.kemdiktisaintek.go.id/authors/profile/6006394,Ilmu Hukum (S1),6006394,0,0,0,68,0,68
MUHAMMAD AKSAN IPAENIN,https://sinta.kemdiktisaintek.go.id/authors/profile/6981081,Unknown,6981081,0,0,0,0,0,0
WIRA MAHARDIKA PUTRA,https://sinta.kemdiktisaintek.go.id/authors/profile/5974595,Unknown,5974595,0,1,0,5,0,5
AMILIA WIDYA,https://sinta.kemdiktisaintek.go.id/authors/profile/6988611,Unknown,6988611,0,0,0,0,0,0
HERI GUNAWAN,https://sinta.kemdiktisaintek.go.id/authors/profile/6088457,Ilmu Hukum (S1),6088457,0,0,0,4,0,4
